Flag,Name,Addresses,MAC,Type,Maps,Services Down,Notes
up,QUERETARO,10.4.3.254,Routerboar:C7:45:F2,MikroTik,DIAGRAMA DE RED,,
up,ROBLEDO,10.1.3.254,Routerboar:6D:DB:23,MikroTik,DIAGRAMA DE RED,,
up,ALAMITOS,10.2.3.254,08:55:31:35:B3:C2,MikroTik,DIAGRAMA DE RED,,
up,ALFAREROS,10.3.3.254,DC:2C:6E:7A:D7:19,MikroTik,DIAGRAMA DE RED,,
up,CASTELLON,10.5.3.254,C4:AD:34:33:C3:0F,MikroTik,DIAGRAMA DE RED,,
up,SILVA,10.6.3.254,Routerboar:F7:5E:47,MikroTik,DIAGRAMA DE RED,,
up,AEROPUERTO,10.7.3.254,Routerboar:3D:72:B9,MikroTik,DIAGRAMA DE RED,,
up,SAN LUIS,10.9.3.254,64:D1:54:EE:C3:2D,MikroTik,DIAGRAMA DE RED,,
up,HIDALGO,10.12.3.254,Routerboar:F7:74:AB,MikroTik,DIAGRAMA DE RED,,
up,ALGODONES,10.14.4.10,74:4D:28:6A:C3:54,MikroTik,DIAGRAMA DE RED,,
up,RUMOROSA,10.13.3.254,CC:2D:E0:CD:26:1A,MikroTik,DIAGRAMA DE RED,,
up,LA MEZA,10.4.6.1,DC:2C:6E:00:1D:86,MikroTik,DIAGRAMA DE RED,,
up,EMMSA,10.8.3.254,74:4D:28:19:D1:00,MikroTik,DIAGRAMA DE RED,,
up,POLVORA,10.15.3.254,08:55:31:35:B3:C3,MikroTik,DIAGRAMA DE RED,,
up,LLANTERA,10.16.4.253,Routerboar:7F:F1:A8,MikroTik,DIAGRAMA DE RED,,
up,AUMSA,10.19.3.254,78:9A:18:A4:1F:E1,MikroTik,DIAGRAMA DE RED,,
up,SATURNO,10.18.3.254,78:9A:18:F2:C4:F0,MikroTik,DIAGRAMA DE RED,,
up,MONTE LOLITA,10.70.3.254,Routerboar:3D:72:B9,MikroTik,DIAGRAMA DE RED,,
up,BENJAMIN HILL,10.90.3.254,,MikroTik,DIAGRAMA DE RED,,
up,TelefonicaAlestra - Sitio 1,10.90.1.1,MimosaNetw:20:14:2B,Mimosa C5c,Benjamin Hill,,
up,Sitio1 - TelefonicaAlestra,10.90.1.2,MimosaNetw:20:14:30,Mimosa C5c,Benjamin Hill,,
up,Sitio1 - Sitio2,10.90.1.3,MimosaNetw:1B:D7:69,Mimosa C5c,Benjamin Hill,,
up,Sitio2 - Sitio1,10.90.1.4,MimosaNetw:3B:92:7C,Mimosa C5c,Benjamin Hill,,
up,Benjamin Hill - Sitio 1,10.90.3.254,,MikroTik,Benjamin Hill,,
up,Alestra_IENOVA - DonDiego,201.139.232.37,,Device Type,Benjamin Hill,,
up,Wi-Tek - PoE,10.90.4.101,00:28:24:13:49:40,Device Type,Benjamin Hill,,
up,Sitio2 - DonDiego,10.90.1.5,MimosaNetw:3B:92:51,Mimosa C5c,Benjamin Hill,,
up,DonDiego - Sitio2,10.90.1.6,MimosaNetw:1B:A2:8B,Mimosa C5c,Benjamin Hill,,
up,OBREGON,10.60.3.254,,MikroTik,DIAGRAMA DE RED,,
up,GUAYMAS,10.70.3.254,,MikroTik,DIAGRAMA DE RED,,
up,HERMOSILLO,10.200.3.254,,MikroTik,DIAGRAMA DE RED,,
up,Monitoreo de Luz - Robledo,10.1.3.88,UbiquitiNe:3E:86:56,Monitoreo de Luz,MONITOREOS DE LUZ,,
up,Monitoreo de Luz - Alamitos,10.2.3.253,UbiquitiNe:5A:32:61,Monitoreo de Luz,MONITOREOS DE LUZ,,
up,Monitoreo de Luz - Alfareros,10.3.3.253,74:AC:B9:74:0A:1E,Monitoreo de Luz,MONITOREOS DE LUZ,,
up,Monitoreo de Luz - Queretaro,10.4.3.253,UbiquitiNe:5E:99:50,Monitoreo de Luz,MONITOREOS DE LUZ,,
up,Monitoreo de Luz - Castellon,10.5.3.253,UbiquitiNe:88:7C:DE,Monitoreo de Luz,MONITOREOS DE LUZ,,
up,Monitoreo de Luz - Silva,10.6.3.253,UbiquitiNe:2E:07:63,Monitoreo de Luz,MONITOREOS DE LUZ,,
up,Monitoreo de Luz - Aeropuerto,10.7.3.253,UbiquitiNe:5A:35:AB,Monitoreo de Luz,MONITOREOS DE LUZ,,
up,Monitoreo de Luz - Emmsa,10.8.100.6,74:AC:B9:74:0F:FC,Monitoreo de Luz,MONITOREOS DE LUZ,,
up,Monitoreo de Luz - San Luis,10.9.3.253,48:8F:5A:EF:F7:73,Monitoreo de Luz,MONITOREOS DE LUZ,,
up,Monitoreo de Luz - La Meza,10.11.3.253,UbiquitiNe:20:C4:F5,Monitoreo de Luz,MONITOREOS DE LUZ,,
up,Monitoreo de Luz - Hidalgo,10.12.3.253,UbiquitiNe:5A:32:E3,Monitoreo de Luz,MONITOREOS DE LUZ,,
up,Monitoreo de Luz - Rumorosa,10.13.3.253,F4:92:BF:E2:E0:8B,Monitoreo de Luz,MONITOREOS DE LUZ,,
up,Monitoreo de Luz - Algodones,10.14.3.253,UbiquitiNe:52:0D:FE,Monitoreo de Luz,MONITOREOS DE LUZ,,
up,Monitoreo de Luz - Polvora,10.15.3.253,UbiquitiNe:2E:09:D7,Monitoreo de Luz,MONITOREOS DE LUZ,,
up,Monitoreo de Luz - Aumsa,10.19.3.253,UbiquitiNe:3A:F9:37,Monitoreo de Luz,MONITOREOS DE LUZ,,
up,Monitoreo de Luz - Monte Lolita,10.70.3.253,UbiquitiNe:CE:C8:AC,Monitoreo de Luz,MONITOREOS DE LUZ,,
up,Monitoreo de Luz - Vigia,10.71.3.253,UbiquitiNe:AE:59:08,Monitoreo de Luz,MONITOREOS DE LUZ,,
up,Monitoreo de Luz - Otay,10.101.3.252,UbiquitiNe:56:28:DC,Monitoreo de Luz,MONITOREOS DE LUZ,,
up,Monitoreo de Luz - Fussion,10.102.3.253,UbiquitiNe:CE:B9:7F,Monitoreo de Luz,MONITOREOS DE LUZ,,
up,Monitoreo de Luz - Pacifico,10.103.3.88,UbiquitiNe:BC:B6:EB,Monitoreo de Luz,MONITOREOS DE LUZ,,
up,Monitoreo de Luz - Cerro Bola,10.105.3.210,UbiquitiNe:DA:DB:70,Monitoreo de Luz,MONITOREOS DE LUZ,,
up,Monitoreo de Luz - Cerro Azul 1,10.105.100.250,UbiquitiNe:5A:2F:DB,Monitoreo de Luz,MONITOREOS DE LUZ,,
up,Monitoreo de Luz - Natura,10.112.3.253,UbiquitiNe:20:C5:2E,Monitoreo de Luz,MONITOREOS DE LUZ,,
up,Monitoreo de Luz - Cerro Colorado,10.106.3.253,UbiquitiNe:58:72:CC,Monitoreo de Luz,MONITOREOS DE LUZ,,
up,Monitoreo de Luz - Tecate 3,10.106.4.40,UbiquitiNe:90:CA:C8,Monitoreo de Luz,MONITOREOS DE LUZ,,
up,Monitoreo de Luz - Cuichillas,10.107.3.253,UbiquitiNe:06:BB:74,Monitoreo de Luz,MONITOREOS DE LUZ,,
up,Monitoreo de Luz - Aries Espectacular,10.108.3.251,UbiquitiNe:DC:6F:99,Monitoreo de Luz,MONITOREOS DE LUZ,,
up,Monitoreo de Luz - Rosarito 2,10.124.3.253,UbiquitiNe:64:22:BE,Monitoreo de Luz,MONITOREOS DE LUZ,,
up,Monitoreo de Luz - Rosarito Principal,10.108.3.253,UbiquitiNe:48:50:3D,Monitoreo de Luz,MONITOREOS DE LUZ,,
up,Monitoreo de Luz - Vallarta,10.109.4.88,UbiquitiNe:48:4E:0C,Monitoreo de Luz,MONITOREOS DE LUZ,,
up,Monitoreo de Luz - Villa del Campo,10.110.3.253,UbiquitiNe:88:B2:7A,Monitoreo de Luz,MONITOREOS DE LUZ,,
up,Monitoreo de Luz - Colinas,10.111.3.253,UbiquitiNe:5A:2F:65,Monitoreo de Luz,MONITOREOS DE LUZ,,
up,Monitoreo de Luz - Garcom,10.113.9.253,,Monitoreo de Luz,MONITOREOS DE LUZ,,
up,Monitoreo de Luz - Oaxaca,10.113.9.253,,Monitoreo de Luz,MONITOREOS DE LUZ,,
up,Monitoreo de Luz - Playas,10.119.3.253,74:83:C2:AE:2A:CB,Monitoreo de Luz,MONITOREOS DE LUZ,,
up,Monitoreo de Luz - Punta Banda,10.128.3.253,UbiquitiNe:00:F5:18,Monitoreo de Luz,MONITOREOS DE LUZ,,
up,Monitoreo de Luz - El Roble,10.133.3.252,UbiquitiNe:E0:09:42,Monitoreo de Luz,MONITOREOS DE LUZ,,
up,Monitoreo de Luz - Hermosillo,10.200.3.253,18:E8:29:8C:62:24,Monitoreo de Luz,MONITOREOS DE LUZ,,
up,Monitoreo de Luz - Puerta Trampa,10.105.3.252,F4:92:BF:44:8A:2C,Monitoreo de Luz,MONITOREOS DE LUZ,,
down,Sectorial Derecho,172.30.1.1,XEROXCORPO:00:06:00,,Total Gas,ping,
up,AP - Corporativo -  Custodia,"172.30.1.100, 172.30.1.2",XEROXCORPO:00:06:00,,Total Gas,,
down,Sectorial Izquierdo,172.30.1.6,XEROXCORPO:00:06:00,,Total Gas,ping,
down,AP - Sectorial Custodia,172.30.1.4,XEROXCORPO:00:06:00,,Total Gas,ping,
down,AP Lerdo - Anapra,172.30.1.8,XEROXCORPO:00:06:00,,Total Gas,ping,
down,AP Custodia - Solis,172.30.1.10,XEROXCORPO:00:06:00,,Total Gas,ping,
down,AP - Casa David,172.30.1.13,XEROXCORPO:00:06:00,,Total Gas,ping,
down,AP - KM30,172.30.1.12,XEROXCORPO:00:06:00,,Total Gas,ping,
down,Switch Red-Interna,172.30.3.19,Routerboar:6E:03:F4,,Total Gas,ping,
down,Switch APS,10.152.4.200,XEROXCORPO:00:06:00,,Total Gas,ping,
up,Corporativo,"201.174.170.235, 10.10.15.148",C8:4F:86:FC:00:02,MikroTik,Total Gas,,
up,STA - Custodias,"172.30.1.101, 172.30.2.5",XEROXCORPO:00:06:00,,Total Gas,,
down,Router - Lopez Mateos,172.30.3.3,00:5F:4A:77:50:86,,Total Gas,ping,
down,Router - Tecnologico,172.30.3.15,XEROXCORPO:00:06:00,,Total Gas,ping,
up,Router - Puerto de Palos,"10.10.15.158, 172.30.3.6",XEROXCORPO:00:06:00,,Total Gas,,
down,Router - Electrolux,172.30.3.1,XEROXCORPO:00:06:00,,Total Gas,ping,
down,Router - Gemela Grande,"172.30.3.17, 10.10.15.130",C4:AD:34:E8:97:11,,Total Gas,ping,
down,Router - Satelite,172.30.3.23,XEROXCORPO:00:06:00,,Total Gas,ping,
down,Router - Permuta,172.30.3.2,XEROXCORPO:00:06:00,,Total Gas,ping,
down,Router - Aeronautica,172.30.3.12,XEROXCORPO:00:06:00,,Total Gas,ping,
down,Router - Ejercito,172.30.3.22,XEROXCORPO:00:06:00,,Total Gas,ping,
down,Router - Anapra,172.30.3.10,XEROXCORPO:00:06:00,,Total Gas,ping,
down,Router - Clara,172.30.3.27,XEROXCORPO:00:06:00,,Total Gas,ping,
down,Router - Solis Barraza,172.30.3.26,XEROXCORPO:00:06:00,,Total Gas,ping,
down,Router - Casa David,172.30.3.30,XEROXCORPO:00:06:00,,Total Gas,ping,
down,Router - Jarudo,172.30.3.25,XEROXCORPO:00:06:00,,Total Gas,ping,
down,Router - Gemela Chica,172.30.3.21,XEROXCORPO:00:06:00,,Total Gas,ping,
down,Router - Municipio Libre,172.30.3.13,XEROXCORPO:00:06:00,,Total Gas,ping,
down,Router - Paseo del Triunfo,172.30.3.33,XEROXCORPO:00:06:00,,Total Gas,ping,
down,Router - Misiones,172.30.3.11,XEROXCORPO:00:06:00,,Total Gas,ping,
down,Router - Santiago,172.30.3.24,XEROXCORPO:00:06:00,,Total Gas,ping,
down,Router - Travel Center (antes KM30),172.30.3.35,XEROXCORPO:00:06:00,,Total Gas,ping,
down,Router - Miguel de la Madrid,172.30.3.9,XEROXCORPO:00:06:00,,Total Gas,ping,
down,Router - Hermanos Escobar,172.30.3.40,XEROXCORPO:00:06:00,,Total Gas,ping,
up,Router - Delicias,10.10.15.36,XEROXCORPO:00:06:00,,Total Gas,,
up,Router - Parral,10.10.15.34,XEROXCORPO:00:06:00,,Total Gas,,
down,AP - Gemela Chica,172.30.2.17,XEROXCORPO:00:06:00,,Total Gas,ping,
down,Router - Aztecas,172.30.3.7,XEROXCORPO:00:06:00,,Total Gas,ping,
down,STA - Lerdo,172.30.2.8,XEROXCORPO:00:06:00,,Total Gas,ping,
down,STA - Anapra,172.30.2.10,XEROXCORPO:00:06:00,,Total Gas,ping,
up,ECO -  San Carlos E11505,"10.10.15.76, 45.185.240.57",,,CLIENTES CON EXTERNOS,,
down,ECO - Soco La Unica,10.10.15.78,,,CLIENTES CON EXTERNOS,ping,
down,Hiscomex - Nogales,10.10.15.80,,,CLIENTES CON EXTERNOS,ping,
down,IG Networks,10.10.15.82,,,CLIENTES CON EXTERNOS,ping,
down,COBACH - Camelu (CANCELADO),10.10.30.12,,,CLIENTES CON EXTERNOS,ping,
down,COBACH - Colonet (CANCELADO),10.10.30.14,,,CLIENTES CON EXTERNOS,ping,
up,FIBRA - ALFAREROS,201.174.109.62,DC:2C:6E:7A:D7:18,MikroTik,CARRIERS PRINCIPALES,,
up,FIBRA - ROBLEDO,201.174.74.194,C4:AD:34:6A:53:25,MikroTik,CARRIERS PRINCIPALES,,
up,FIBRA - SATURNO,201.174.15.66,78:9A:18:F2:C4:EF,MikroTik,CARRIERS PRINCIPALES,,
up,FIBRA - OTAY,201.174.66.90,,MikroTik,CARRIERS PRINCIPALES,,
up,FIBRA - ROSARITO,201.174.12.115,74:4D:28:A6:55:31,MikroTik,CARRIERS PRINCIPALES,,
up,FIBRA - VALLARTA,201.174.133.218,08:55:31:EB:33:4E,MikroTik,CARRIERS PRINCIPALES,,
up,WISP - RED_Tecate Armando Mendoza,201.174.165.130,78:9A:18:A1:7F:06,MikroTik,CARRIERS PRINCIPALES,,
up,FIBRA - TOTALGAS,201.174.170.234,18:FD:74:03:CF:CA,MikroTik,CARRIERS PRINCIPALES,,
down,FIBRA - CYRO ESMERALDA,201.174.232.116,,MikroTik,CARRIERS PRINCIPALES,ping,
up,FIBRA - VIGO,201.174.58.46,,MikroTik,CARRIERS PRINCIPALES,,
up,FIBRA - EL ROBLE,187.249.0.238,D4:01:C3:6B:75:DC,MikroTik,CARRIERS PRINCIPALES,,
up,Monitoreo de Luz - TKT1,10.120.3.253,UbiquitiNe:CE:C7:D8,Monitoreo de Luz,MONITOREOS DE LUZ,,
down,Cecyte - La Mision,10.10.15.108,,,STARLINK,ping,
up,Benjamin Hill,10.10.12.50,,,STARLINK,,
up,Alestra - Fussion,10.102.3.254,18:FD:74:0D:A7:D3,MikroTik,CARRIERS PRINCIPALES,,
up,Alestra - Lan2Lan Alfareros/Otay,10.100.100.1,"74:4D:28:19:B7:6A, 74:4D:28:86:22:52",MikroTik,CARRIERS PRINCIPALES,,
up,Alestra - Alamitos,201.140.165.10,,MikroTik,CARRIERS PRINCIPALES,,
up,OTAY,10.101.3.254,02:23:20:D0:D7:E0,MikroTik,DIAGRAMA DE RED,,
up,FUSSION,10.102.3.254,18:FD:74:0D:A7:D3,MikroTik,DIAGRAMA DE RED,,
up,PACIFICO,10.103.3.254,Routerboar:5C:A6:26,MikroTik,DIAGRAMA DE RED,,
up,CERRO BOLA,10.105.3.254,74:4D:28:37:46:D8,MikroTik,DIAGRAMA DE RED,,
up,CERRO COLORADO,10.106.3.254,Routerboar:3C:2E:C7,MikroTik,DIAGRAMA DE RED,,
up,CUCHILLAS,10.107.3.254,Routerboar:7A:E6:E9,MikroTik,DIAGRAMA DE RED,,
up,ROSARITO,10.108.4.254,"XEROXCORPO:00:06:00, 74:4D:28:A6:55:2D",MikroTik,DIAGRAMA DE RED,,
up,VALLARTA,10.109.3.254,08:55:31:EB:33:52,MikroTik,DIAGRAMA DE RED,,
up,VILLA DEL CAMPO,10.122.4.250,Routerboar:FF:69:E8,MikroTik,DIAGRAMA DE RED,,
up,COLINAS,10.106.4.27,Routerboar:5D:23:A4,MikroTik,DIAGRAMA DE RED,,
up,OAXACA,10.113.3.254,02:23:20:D0:D7:E0,MikroTik,DIAGRAMA DE RED,,
up,MACLOVIO,10.115.4.250,74:4D:28:2F:5E:54,MikroTik,DIAGRAMA DE RED,,
up,CUAUHTEMOC,10.118.3.254,08:55:31:EB:2D:CC,MikroTik,DIAGRAMA DE RED,,
up,PLAYAS,10.119.3.254,Routerboar:EF:1F:B7,MikroTik,DIAGRAMA DE RED,,
up,TECATE 1,10.120.4.253,CC:2D:E0:13:78:D6,MikroTik,DIAGRAMA DE RED,,
up,TECATE 3,10.122.4.2,Routerboar:5C:A6:BF,MikroTik,DIAGRAMA DE RED,,
up,COSMOPOLITAN,10.123.3.254,Routerboar:31:FF:F9,MikroTik,DIAGRAMA DE RED,,
up,PUNTA BANDA,10.128.3.254,Routerboar:4E:A6:F6,MikroTik,DIAGRAMA DE RED,,
up,CERRO VIEJO,10.129.3.254,Routerboar:F4:EC:32,MikroTik,DIAGRAMA DE RED,,
up,VALLE DE GUADALUPE,10.130.3.254,Routerboar:4E:A6:EB,MikroTik,DIAGRAMA DE RED,,
up,NATURA,10.106.4.253,08:55:31:C7:7D:12,MikroTik,DIAGRAMA DE RED,,
up,EL ROBLE,10.133.3.254,D4:01:C3:6B:75:DA,MikroTik,DIAGRAMA DE RED,,
up,AURA,187.249.0.190,Routerboar:31:FF:5D,MikroTik,DIAGRAMA DE RED,,
up,PUERTA TRAMPA,10.105.4.8,B8:69:F4:6A:63:90,MikroTik,DIAGRAMA DE RED,,
up,CERRO AZUL 1,10.105.4.188,CC:2D:E0:0A:B1:D8,MikroTik,DIAGRAMA DE RED,,
up,ROSARITO 2,10.124.3.254,DC:2C:6E:AB:F5:B6,MikroTik,DIAGRAMA DE RED,,
up,CALAFIA,10.108.4.24,74:4D:28:6A:C3:58,MikroTik,DIAGRAMA DE RED,,
up,SAN DIEGO,10.140.3.254,02:FB:2B:55:B5:4B,MikroTik,DIAGRAMA DE RED,,
up,LOS ANGELES,"107.150.186.126, 107.150.186.122",,MikroTik,DIAGRAMA DE RED,,
up,ACUEDUCTOS,10.101.4.220,C4:AD:34:D9:D1:AA,MikroTik,DIAGRAMA DE RED,,
up,Monitoreo de Luz - Calafia,10.108.3.248,UbiquitiNe:08:B9:54,Monitoreo de Luz,MONITOREOS DE LUZ,,
up,Maquinaria Frontera - RH,201.174.63.66,Routerboar:B9:A0:61,,CLIENTES FIBRA,,
up,Proveedora del Estado - Mexicali,143.202.78.49,B8:69:F4:2B:0C:64,,CLIENTES FIBRA,,
up,CECYTE OFICINA,10.3.4.150,Routerboar:01:48:EE,,CLIENTES FIBRA,,
up,Junta De Urbanizacion - Mexicali,10.3.4.26,48:A9:8A:18:D8:16,,CLIENTES FIBRA,,
up,LINKTECH + FISCALIA EDIFICIO DEFENSORIA (SUSPENDIDO),189.201.243.99,48:A9:8A:16:E6:DA,,CLIENTES FIBRA,,
up,PEP (FESC),10.3.4.14,CC:2D:E0:A7:FC:2A,,CLIENTES FIBRA,,
up,Escorpio Secretaria de Seguridad Ciudadana,10.3.4.23,C4:AD:34:33:DE:E5,,CLIENTES FIBRA,,
down,Defensoria Publica MXL FIBRA,201.174.63.90,48:A9:8A:18:D8:01,,CLIENTES FIBRA,ping,
up,Global Mechanical,10.2.4.32,48:A9:8A:16:E7:1C,,CLIENTES FIBRA,,
up,Site Promocall,143.202.77.145,Routerboar:E1:20:82,,CLIENTES FIBRA,,
up,Magnaflow - Valle Bonito,10.133.4.2,DC:2C:6E:39:0B:6D,,CLIENTES FIBRA,,
up,Aries Corporativo,10.118.100.2,Routerboar:6E:03:3D,,CLIENTES FIBRA,,
up,Hotel Rosarito,10.108.4.7,"XEROXCORPO:00:06:00, 48:A9:8A:D4:6D:08",,CLIENTES FIBRA,,
down,Rendilitros Cuarteles C4 - Monitoreo(SUSPENDIDO),10.10.15.84,,,CLIENTES FIBRA,ping,
down,STA - Aeronautica,172.30.2.12,XEROXCORPO:00:06:00,,Total Gas,ping,
down,STA - Electrolux,172.30.2.1,XEROXCORPO:00:06:00,,Total Gas,ping,
down,STA - Permuta,172.30.2.2,XEROXCORPO:00:06:00,,Total Gas,ping,
down,STA - Lopez Mateos,172.30.2.3,XEROXCORPO:00:06:00,,Total Gas,ping,
up,Router - Custodias,"10.10.15.160, 172.30.3.5",XEROXCORPO:00:06:00,,Total Gas,,
down,STA - Puerto de Palos,172.30.2.6,XEROXCORPO:00:06:00,,Total Gas,ping,
down,STA - Aztecas,172.30.2.7,XEROXCORPO:00:06:00,,Total Gas,ping,
down,Router - Lerdo,172.30.3.8,XEROXCORPO:00:06:00,,Total Gas,ping,
down,STA - Miguel de la Madrid,172.30.2.9,00:B5:20:08:20:23,,Total Gas,ping,
down,STA - Misiones,172.30.2.11,XEROXCORPO:00:06:00,,Total Gas,ping,
down,STA - Municipio Libre,172.30.2.13,XEROXCORPO:00:06:00,,Total Gas,ping,
unknown,STA - Plutarco,172.30.2.14,XEROXCORPO:00:06:00,,Total Gas,,
down,Router - Plutarco,"10.10.15.146, 172.30.3.14",XEROXCORPO:00:06:00,,Total Gas,ping,
down,STA - Tecnologico,172.30.2.15,XEROXCORPO:00:06:00,,Total Gas,ping,
down,STA - Gemela Chica,172.30.2.16,XEROXCORPO:00:06:00,,Total Gas,ping,
up,Router - VillaAhumada,"10.10.15.56, 109.111.36.63",XEROXCORPO:00:06:00,,Total Gas,,
up,Router - El Castaño,10.10.15.70,Routerboar:6E:03:C6,,Total Gas,,
down,STA - Ejercito,172.30.2.22,XEROXCORPO:00:06:00,,Total Gas,ping,
down,STA - Satelite,172.30.2.23,XEROXCORPO:00:06:00,,Total Gas,ping,
down,STA - Santiago,172.30.2.24,XEROXCORPO:00:06:00,,Total Gas,ping,
up,ECO - Santa Ana,10.10.15.28,,,CLIENTES CON EXTERNOS,,
down,Monitoreo de Luz - Benajmin Hill 1,10.90.3.253,XEROXCORPO:00:06:00,Monitoreo de Luz,MONITOREOS DE LUZ,ping,
down,AP - Santiago,172.30.1.9,XEROXCORPO:00:06:00,,Total Gas,ping,
down,STA - Jarudo,172.30.2.25,XEROXCORPO:00:06:00,,Total Gas,ping,
down,STA - Paseo del Triunfo,172.30.2.33,XEROXCORPO:00:06:00,,Total Gas,ping,
down,STA - Clara,172.30.2.27,XEROXCORPO:00:06:00,,Total Gas,ping,
down,STA - Hermanos Escobar,172.30.2.40,XEROXCORPO:00:06:00,,Total Gas,ping,
down,STA - Solis,172.30.2.26,XEROXCORPO:00:06:00,,Total Gas,ping,
down,STA - Casa David,172.30.2.37,24:5A:4C:DE:31:3E,,Total Gas,ping,
down,STA - KM30,172.30.2.36,XEROXCORPO:00:06:00,,Total Gas,ping,
up,Hospital de Mascotas - Via Rapida,189.201.240.116,18:FD:74:88:BD:AF,,Hospital de Mascotas,,
up,HDM - Ensenada,143.202.77.108,18:FD:74:CB:37:B1,,Hospital de Mascotas,,
up,HDM - Gabilondo,189.201.241.181,48:A9:8A:18:D7:7F,,Hospital de Mascotas,,
up,La Moderna - FibraPrincipal,189.201.243.74,78:9A:18:A4:08:A4,,CLIENTES FIBRA,,
down,PSN TELEVISORA(SUSPENDIDO),10.118.4.40,XEROXCORPO:00:06:00,,CLIENTES FIBRA,ping,
down,PSN CASA DE SEGURIDAD(SUSPENDIDO),10.118.4.40,XEROXCORPO:00:06:00,,CLIENTES FIBRA,ping,
up,Grupo ECO - Enercard,201.174.76.134,48:8F:5A:F0:05:29,,Grupo ECO,,
down,AP - Convergia + G-Global_Corporativo Tijuana,10.101.2.65,MimosaNetw:F0:8D:E6,,Convergia,ping,
down,STA - Convergia + Global_Corporativo Tijuana,10.101.2.66,MimosaNetw:F0:80:82,,Convergia,ping,
up,AP - Convergia + G-Global_Bodega3PL Otay,10.106.2.201,MimosaNetw:23:94:3B,,Convergia,,
up,AP - Convergia + G-Global_Bodega3PL Otay,10.106.2.202,MimosaNetw:23:92:0B,,Convergia,,
up,Router - Convergia + G-Global_Bodega3PL Otay,10.106.4.2,74:4D:28:AB:56:A0,,Convergia,,
up,AP - Convergia + G-Global Calexico,10.2.2.43,MimosaNetw:24:E1:22,,Convergia,,
up,STA - Convergia + G-Global Calexico,10.2.2.44,XEROXCORPO:00:06:00,,Convergia,,
up,Router - Convergia + G-Global Calexico,10.2.4.34,DC:2C:6E:FE:27:26,,Convergia,,
up,AP - Convergia + G-Global SanDiego Omega,10.101.2.141,MimosaNetw:1A:9B:F4,,Convergia,,
up,STA - Convergia + G-Global SanDiego Omega,10.101.2.141,MimosaNetw:1A:9B:F4,,Convergia,,
up,AP - Convergia + G-Global SanDiego Alfa,10.101.2.153,MimosaNetw:24:7D:32,,Convergia,,
up,STA - Convergia + G-Global SanDiego Alfa,10.101.2.154,MimosaNetw:24:7D:96,,Convergia,,
up,Router - Convergia + G-Global SanDiego Alfa,10.101.4.26,2C:C8:1B:59:46:E2,,Convergia,,
up,Convergia + G-Global Terrazas del Valle,10.106.4.21,08:55:31:9D:56:07,,Convergia,,
up,Convergia + G-Global Tecatito,10.120.4.5,Routerboar:B9:9E:5F,,Convergia,,
up,Router - Convergia + G-Global Corporativo F.O.,10.101.4.25,48:A9:8A:92:F1:79,,Convergia,,
down,Router - Picachos,10.10.15.88,XEROXCORPO:00:06:00,,Total Gas,ping,
up,Router - Independencia(Aguascalientes),"10.10.15.90, 200.76.161.50",XEROXCORPO:00:06:00,,Total Gas,,
up,Router - Ventanas,10.10.15.92,XEROXCORPO:00:06:00,,Total Gas,,
up,Convergia Corporativo,10.101.4.25,48:A9:8A:92:F1:79,,CLIENTES FIBRA,,
up,AP - El Hongo,10.105.2.41,MimosaNetw:20:12:C3,,Cereso El Hongo,,
up,STA - El Hongo,10.105.2.42,MimosaNetw:1B:93:B7,,Cereso El Hongo,,
up,AP - El Hongo 2,10.105.2.57,MimosaNetw:F8:BA:14,,Cereso El Hongo,,
up,Router - El Hongo,10.105.2.45,2C:C8:1B:5A:DB:C1,,Cereso El Hongo,,
up,STA - El Hongo 2,10.105.2.58,MimosaNetw:F8:B9:CD,,Cereso El Hongo,,
up,Router - El Hongo 2,10.105.2.59,2C:C8:1B:5A:D0:0A,,Cereso El Hongo,,
up,Hospital de Mascotas SAJI,189.201.241.181,48:A9:8A:18:D7:7F,,CLIENTES FIBRA,,
up,Grupo ECO - OficinaProfuel,177.11.216.206,,,Grupo ECO,,
up,Alestra_IENOVA - Don Diego --> Gateway,201.139.232.38,,,Benjamin Hill,,
up,Fibra - Aura,187.249.0.190,Routerboar:31:FF:5D,MikroTik,CARRIERS PRINCIPALES,,
up,Gobierno - MXLI,10.3.4.6,Routerboar:F7:87:92,,Gobierno,,
up,Rumorosa R7 - Fiarum Mxli,10.13.100.1,MimosaNetw:27:BC:90,,Rumorosa,,
up,Fiarum Mxli - Rumorosa R7,10.13.100.2,MimosaNetw:27:BC:AE,,Rumorosa,,
up,Rumorosa R7 - Fiarum Rumorosa,10.13.100.4,MimosaNetw:27:6D:2B,,Rumorosa,,
up,Fiarum Rumorosa - Rumorosa R7,10.13.100.5,MimosaNetw:24:91:25,,Rumorosa,,
down,Cerro Bola - Cerro Azul 1,10.105.1.4,XEROXCORPO:00:06:00,,Cerro Bola,ping,
up,Cerro Azul 1 - Cerro Bola,10.105.2.17,MimosaNetw:FE:8E:2C,,Cerro Bola,,
down,Repetidora Cerro Azul 1,10.105.4.2,00:B5:20:08:58:FD,,Cerro Bola,ping,
up,45.231.223.248,45.231.223.248,,,CLIENTES CON EXTERNOS,,
up,Monitoreo de Luz - Saturno,10.18.4.253,B8:69:F4:66:B9:72,Monitoreo de Luz,MONITOREOS DE LUZ,,
up,Convergia + G-Global CD Juarez / Oficinas + 100Mbps,10.10.15.94,,,Convergia,,
up,Agencia Digital - Mexicali,143.202.78.11,48:A9:8A:D4:68:06,,Gobierno,,
up,Agencia Digital - Tijuana,143.202.77.215,B8:69:F4:6A:73:5E,,Gobierno,,
up,Conmutador 3CX - Nube [Convergia],204.10.201.41,,,MamaMiaPizza,,
down,Cecyte - Bahia de los Angeles,10.10.15.104,,,STARLINK,ping,
down,Cecyte - Villas de Jesus,10.10.15.106,,,STARLINK,ping,
up,Core Vallarta,10.109.4.254,08:55:31:EB:33:52,,Vallarta,,
up,Switch Fibra,10.109.4.100,2C:C8:1B:61:7C:66,,Vallarta,,
up,Switch AP,10.109.4.101,Routerboar:5C:ED:FB,,Vallarta,,
up,IMOS,143.202.79.7,CC:2D:E0:A7:FC:24,,CLIENTES FIBRA,,
up,PrintFull,10.133.4.7,C4:AD:34:71:56:A4,,CLIENTES FIBRA,,
up,STA - IENOVA.Alestra_Rumorosa,10.13.2.1,Dragonwave:01:85:67,,Rumorosa,,
up,AP - Rumorosa_Alestra.IENOVA,10.13.2.2,Dragonwave:00:F0:91,,Rumorosa,,
up,Alestra.IENOVA_Publica,201.139.229.229,,,Rumorosa,,
up,Ethernet.Alestra_Rumorosa,10.13.2.6,CC:2D:E0:CD:26:1B,,Rumorosa,,
up,ROSARITO ESPECTACULAR,10.108.4.120,74:4D:28:AC:25:78,MikroTik,DIAGRAMA DE RED,,
up,MamaMiaPizza - Hipodromo,143.202.77.122,DC:2C:6E:DC:17:C8,,MamaMiaPizza,,
up,MamaMiaPizza - Otay,189.201.241.41,2C:C8:1B:5A:DD:7B,,MamaMiaPizza,,
up,MamaMiaPizza - Playas,143.202.79.50,DC:2C:6E:DC:17:E0,,MamaMiaPizza,,
up,MamaMiaPizza - Las Huertas,189.201.241.35,2C:C8:1B:5A:D8:78,,MamaMiaPizza,,
up,MamaMiaPizza - Altamira,143.202.77.73,Routerboar:F7:51:E2,,MamaMiaPizza,,
up,MamaMiaPizza - Monarcas,189.201.240.171,2C:C8:1B:5A:DF:C5,,MamaMiaPizza,,
up,MamaMiaPizza - Sierra,189.201.241.188,2C:C8:1B:5A:CF:4E,,MamaMiaPizza,,
up,MamaMiaPizza - Villafontana,189.201.240.15,DC:2C:6E:DA:3A:87,,MamaMiaPizza,,
up,MamaMiaPizza - Libertad,189.201.241.183,DC:2C:6E:BE:A7:48,,MamaMiaPizza,,
up,MamaMiaPizza - Santa Fe,189.201.240.38,DC:2C:6E:DC:11:5C,,MamaMiaPizza,,
up,MamaMiaPizza - Florido,189.201.241.214,DC:2C:6E:DA:27:1B,,MamaMiaPizza,,
up,MamaMiaPizza - Tecate,143.202.77.42,DC:2C:6E:DA:33:1B,,MamaMiaPizza,,
up,MamaMiaPizza - Rosarito,143.202.79.34,DC:2C:6E:DA:3A:8D,,MamaMiaPizza,,
up,MamaMiaPizza - Cacho,189.201.241.190,DC:2C:6E:DA:3A:B1,,MamaMiaPizza,,
up,MamaMiaPizza - Taller,189.201.240.103,DC:2C:6E:DC:17:9E,,MamaMiaPizza,,
up,MamaMiaPizza - San Ysidro,143.202.77.67,DC:2C:6E:DA:3A:93,,MamaMiaPizza,,
up,MamaMiaPizza - Corporativo,189.201.241.187,78:9A:18:A6:82:7C,,MamaMiaPizza,,
down,Cecyte - CañonBuenaVista,10.10.15.110,,,STARLINK,ping,
up,DIF - Ensenada CRI Adulto Mayor,10.10.15.118,,,Gobierno,,
up,DIF - Ensenada Velatorio,10.10.15.116,02:A0:2F:FE:80:80,,Gobierno,,
up,DIF - Jardines,10.10.15.120,,,Gobierno,,
up,DIF - SanQuintin Hypernet,10.10.15.112,,,Gobierno,,
up,DIF - Velatorio SanQuinitin Hypernet,10.10.15.114,,,Gobierno,,
up,DIF - Subprocuraduria SanFelipe,10.10.15.100,,,Gobierno,,
up,DIF - VelatorioSanFelipe,10.10.15.102,,,Gobierno,,
down,Monitoreo de Luz - Obregon,10.60.4.252,XEROXCORPO:00:06:00,Monitoreo de Luz,MONITOREOS DE LUZ,ping,
up,Convergia,10.10.15.94,,,CLIENTES FIBRA,,
up,FIBRA - PALOS VERDES,187.249.72.98,,MikroTik,CARRIERS PRINCIPALES,,
up,FIBRA - FUENTE DE LOS VIENTOS,187.249.73.34,DC:2C:6E:24:38:AF,MikroTik,CARRIERS PRINCIPALES,,
up,Carlos Salinas de Gortari  AP,10.101.2.19,,,Convergia,,
up,Carlos Salinas de Gortari  ST,10.101.2.20,,,Convergia,,
up,Carlos Salinas de Gortari,10.101.4.24,18:FD:74:CB:3B:58,,Convergia,,
up,Cereso el Hongo,10.105.2.45,2C:C8:1B:5A:DB:C1,,Cereso El Hongo,,
up,Cereso el Hongo - 2,10.105.2.51,2C:C8:1B:5A:D0:0A,,Cereso El Hongo,,
up,San Luis - Silva ST,10.254.1.76,,,Agrovizion,,
down,Silva - San Luis AP,10.254.1.75,XEROXCORPO:00:06:00,,Agrovizion,ping,
up,Chihuahua - Durango AP,10.254.1.33,UbiquitiNe:EC:ED:AC,,Agrovizion,,
up,Durango - Chihuahua ST,10.254.1.34,UbiquitiNe:EC:EE:B4,,Agrovizion,,
up,Chihuahua - Torreon AP,10.254.1.41,18:E8:29:70:EE:C3,,Agrovizion,,
up,Torreon - Chihuahua ST,10.254.1.42,18:E8:29:70:E9:EA,,Agrovizion,,
up,Chihuahua - Silva AP,10.254.1.51,18:E8:29:70:ED:C2,,Agrovizion,,
up,Silva - Chihuahua ST,10.254.1.52,UbiquitiNe:18:34:59,,Agrovizion,,
up,Firewall - Convergia + Calexico,201.174.63.253,94:FF:3C:95:33:13,,Convergia,,
up,TransPack,143.202.79.8,74:4D:28:19:B1:39,,Roble,,
up,SECRETARIA DE HACIENDA 1GB,10.3.4.10,78:9A:18:A6:84:EF,,CLIENTES FIBRA,,
up,Convergia + G Global - Access Point,10.106.2.65,MimosaNetw:1B:A3:0E,,Convergia,,
up,Convergia + G Global - Station,10.106.2.66,MimosaNetw:FE:8D:F7,,Convergia,,
up,Publica Texas,"192.34.151.195, 97.105.4.11",94:FF:3C:96:B1:BB,,Convergia,,
up,INDE,143.202.78.88,04:D5:90:59:8B:22,,Alfareros,,
up,Promocall IP 1,143.202.77.146,18:C2:41:47:C9:52,,Cuahutemoc,,
up,Promocal IP 2,143.202.77.148,2C:3F:0B:CD:1E:CD,,Cuahutemoc,,
down,Promocall IP 3,143.202.77.151,Sonicwall:2C:E3:E1,,Cuahutemoc,ping,
up,Convergia - G-Global SanDiego Omega,162.222.92.39,,,Convergia,,
up,EAZY WORKPLACE,10.118.4.126,78:9A:18:A6:84:CE,,CLIENTES FIBRA,,
up,EAZY LIVING,143.202.79.69,78:9A:18:A6:84:8C,,CLIENTES FIBRA,,
down,Brentwood Co productions,143.202.77.197,00:8A:22:09:78:65,,Roble,ping,
up,EL ROBLE,143.202.77.193,D4:01:C3:6B:75:DA,,Roble,,
down,CPI RAM- MagnaFlow,143.202.77.199,C8:29:C8:80:2E:10,Mimosa C5c,Roble,ping,
up,El Roble,143.202.79.1,D4:01:C3:6B:75:E9,,Roble,,
up,El FLORIDO IPARK - OLIVOS,143.202.79.3,DC:2C:6E:00:19:BE,,Roble,,
up,VENDING FALCON SA. de CV.,143.202.79.4,DC:2C:6E:00:18:1A,,Roble,,
up,El FLORIDO IPARK - BLVD 2000,143.202.79.6,48:8F:5A:1B:93:F4,,Roble,,
up,Gobierno - IMOS Metropolitano,143.202.79.7,CC:2D:E0:A7:FC:24,,Roble,,
up,TRANSPACK,143.202.79.8,74:4D:28:19:B1:39,,Roble,,
up,Grupo ECO - Blvd 2000,143.202.79.9,XEROXCORPO:00:06:00,,Roble,,
up,Convergia + Prologics,45.174.203.11,XEROXCORPO:00:06:00,,Roble,,
up,Agrovizion Principall,189.201.242.18,Routerboar:75:9C:7C,,Robledo,,
up,Ganaderia Rocha [Oficina],189.201.242.67,Routerboar:91:F8:60,,Robledo,,
up,Grpo El Rey - E10418 Islas Agrarias [Tula],189.201.242.78,Routerboar:C8:72:42,,Robledo,,
up,Agroaltima Santa Cecilia [Oficinas Matriz],189.201.242.69,CC:2D:E0:0E:FD:86,,Robledo,,
up,Gas Silza - Ejido Puebla,189.201.242.74,64:D1:54:F0:1A:41,,Robledo,,
up,Ganadera Rocha - Punto de Venta,189.201.242.70,CC:2D:E0:0A:B3:56,,Robledo,,
down,Gusa km 7 [Oficinas],189.201.242.73,XEROXCORPO:00:06:00,,Robledo,ping,
up,Soriana - Plaza Bonita,189.201.242.72,Routerboar:A9:96:31,,Robledo,,
up,YUNGO Lagos del Sol,189.201.242.68,08:55:31:DF:E6:0D,,Robledo,,
down,Constructora Cadena - CocaCola,189.201.242.37,XEROXCORPO:00:06:00,,Robledo,ping,
up,Atssa,189.201.242.49,64:D1:54:F0:25:9F,,Robledo,,
up,CCR HB NETWORK [Balanceo],189.201.242.38,2C:C8:1B:16:6C:40,,Robledo,,
up,Nutrimex - Ganadera Michoacan,189.201.242.61,CC:2D:E0:CD:26:24,,Robledo,,
up,Certomex/Cerraduras - Carranza,189.201.242.35,Routerboar:75:7C:A2,,Robledo,,
up,Ganadera Nejimex Eulalio,189.201.242.40,Routerboar:A0:56:16,,Robledo,,
up,Fertisol,189.201.242.47,18:FD:74:9E:70:55,,Robledo,,
up,Omega [Oficina],189.201.242.52,Routerboar:9C:F2:EA,,Robledo,,
up,Relaciones Exteriores,189.201.242.36,Routerboar:B4:78:9E,,Robledo,,
up,Eco - E08618 Ejido Puebla,189.201.242.98,74:78:A6:DC:23:40,,Robledo,,
up,BonaPrime/Agricultores Unidos,189.201.242.102,64:D1:54:F0:1E:EB,,Robledo,,
down,La Moderna Pedregal Finagil,189.201.242.114,XEROXCORPO:00:06:00,,Robledo,ping,
up,John Deere [Corporativo],189.201.242.117,Routerboar:DC:30:60,,Robledo,,
up,Taller Constructura Cadena,189.201.242.126,Routerboar:76:0D:B4,,Robledo,,
up,Brasa Reserva,189.201.242.105,C2:48:00:01:80:01,,Robledo,,
up,Transportes San Carlos,189.201.242.107,Routerboar:9C:F2:F4,,Robledo,,
up,Jasco Valle de Puebla,189.201.242.115,Routerboar:F4:A8:80,,Robledo,,
up,Protecin,189.201.242.121,Routerboar:C9:B3:5A,,Robledo,,
down,Escuela de Manejo,189.201.242.124,XEROXCORPO:00:06:00,,Robledo,ping,
up,Titan Pro-Part,189.201.242.123,48:8F:5A:EE:6F:B6,,Robledo,,
up,La Moderna / Principal (Fibra),189.201.243.74,78:9A:18:A4:08:A4,,Robledo,,
up,Baja Call & Customer,10.129.4.8,48:8F:5A:1B:93:60,,Cerro Viejo,,
up,IAMSA Incubet El Dorado,10.1.4.59,74:4D:28:C9:8F:F0,,Robledo,,
up,Baja Gas - Valle de Puebla,10.1.4.70,74:4D:28:A1:D7:FD,,Robledo,,
up,Netonix 1,10.1.4.100,Netonix:06:24:90,,Robledo,,
up,Netonix 2,10.1.4.101,Netonix:06:56:88,,Robledo,,
down,Switch Camaras,10.1.4.250,XEROXCORPO:00:06:00,,Robledo,ping,
up,Leopoldo Olivares  [Cortesia],10.1.4.5,48:8F:5A:D7:B8:79,,Robledo,,
up,Z Gas - Angeles de Puebla,10.1.4.9,CC:2D:E0:0A:B9:FA,,Robledo,,
up,Jasco Matriz CEDIS [BODEGA],201.174.63.38,Routerboar:CD:B7:EB,,Robledo,,
down,Cover - Supply,201.174.63.14,XEROXCORPO:00:06:00,,Robledo,ping,
up,BC Logistic  - Base [Trafico],201.174.63.37,Routerboar:F5:82:52,,Robledo,,
up,ECO - E12558 [Carranza],10.1.4.146,CC:2D:E0:0F:05:2A,,Robledo,,
up,7R Empleado [Carlos Andres Paco],10.1.4.219,B8:69:F4:66:B9:66,,Robledo,,
up,Nutrimex [ Matriz ],201.174.63.5,74:4D:28:A6:9D:17,,Robledo,,
up,Amphenol [ Secundario ],10.1.4.222,64:D1:54:2A:DD:7C,,Robledo,,
up,Soluciones Tecnologicas,10.1.4.20,08:55:31:C9:0A:26,,Robledo,,
up,Amphenol - TCS,10.1.4.22,DC:2C:6E:7B:95:84,,Robledo,,
up,Proyecta,10.1.4.110,Routerboar:BE:DB:EE,,Robledo,,
down,Sebastian Velazquez,10.1.4.69,XEROXCORPO:00:06:00,,Robledo,ping,
up,Amphenol - Oficina El Dorado,189.201.243.1,Routerboar:B0:20:05,,Robledo,,
up,BonaPrime - Antonio Gomez,201.174.63.17,DC:2C:6E:61:B3:7A,,Robledo,,
down,Velocity 2,201.174.63.10,XEROXCORPO:00:06:00,,Robledo,ping,
up,Attsa 2,201.174.63.16,Routerboar:A0:FC:CC,,Robledo,,
up,GAS SILZA Ejido Puebla,201.174.63.56,DC:2C:6E:DC:14:74,,Robledo,,
up,Bachoco - San Alfonso,201.174.63.62,CC:2D:E0:0A:CC:D6,,Robledo,,
up,Bonaprime Ganadera Mexicali,201.174.63.57,48:A9:8A:65:22:1B,,Robledo,,
up,CCA Grourp [ PIMSA II ],201.174.63.59,DC:2C:6E:77:A3:08,,Robledo,,
down,Tracs Pacific,201.174.63.20,XEROXCORPO:00:06:00,,Robledo,ping,
up,Bisani - Desert Art [ Santa Cecilia ],201.174.63.21,CC:2D:E0:34:27:96,,Robledo,,
up,Asfaltos Astec Valle de Puebla,201.174.63.19,DC:2C:6E:61:BA:96,,Robledo,,
up,7R Mauricio,201.174.63.33,Routerboar:B1:8B:1A,,Robledo,,
up,Rembao - Cedis,201.174.63.25,08:55:31:C9:03:0A,,Robledo,,
up,El Rey Ejido Puebla - E10949,201.174.63.51,Routerboar:CF:C8:10,,Robledo,,
down,Cecyte - Ejido Puebla,201.174.63.11,XEROXCORPO:00:06:00,,Robledo,ping,
up,Taimex Stamping,201.174.63.26,Routerboar:9F:E1:36,,Robledo,,
up,ECO Carranza [ ROBLEDO ],201.174.63.35,"Fortinet,I:5B:6D:29",,Robledo,,
up,Cecyte - Compuertas,201.174.63.53,XEROXCORPO:00:06:00,,Robledo,,
up,Baja Gas - Valle de Puebla,201.174.63.60,2C:5A:0F:EC:E7:01,,Robledo,,
up,Grupo Logan,143.202.78.132,Routerboar:C8:6E:B8,,Aeropuerto,,
up,TERMA,189.201.242.92,Routerboar:46:2A:DD,,Aeropuerto,,
down,Agua Marina,189.201.242.93,Routerboar:85:F5:86,,Aeropuerto,ping,
up,Check Point,189.201.242.90,Routerboar:52:DE:46,,Aeropuerto,,
down,Empaque las Cumbres,189.201.242.103,70:4C:A5:44:2C:DC,,Robledo,cpu,
unknown,Soluciones Tecnologicas - [CORTESIA],201.174.63.27,DellInc.:E1:F7:E2,Mimosa C5c,Robledo,,
unknown,Sagimex,201.174.63.32,08:55:31:C9:1F:A9,Mimosa C5c,Robledo,,
up,Jasco Matriz Mexicali,201.174.63.58,48:8F:5A:EE:6F:74,,Robledo,,
up,El Rey E10204 - Aereopuerto,189.201.243.199,Routerboar:DC:30:12,,Aeropuerto,,
up,Modulo 15 OFICIAL,189.201.243.204,Routerboar:4C:E3:B2,,Aeropuerto,,
up,Grumesa Calafia 2,189.201.243.194,48:8F:5A:EE:70:73,,Aeropuerto,,
up,Tarimas Obson - Islas Agrarias A,189.201.243.197,48:8F:5A:EE:6F:05,,Aeropuerto,,
up,EngPack,189.201.243.195,64:D1:54:27:1F:DE,,Aeropuerto,,
up,Agua Ocotillo,189.201.243.203,48:8F:5A:D7:99:60,,Aeropuerto,,
up,BonaPrime - La Ramada ( Gratiani ),189.201.243.201,48:8F:5A:AF:6D:FF,,Aeropuerto,,
up,ECO E11496 - Islas Agrarias,10.7.4.12,Routerboar:87:19:6E,,Aeropuerto,,
down,C2B Holdings,201.174.63.210,18:C2:41:23:E7:81,,Aeropuerto,http,
up,Israel Ledesma,10.7.4.3,Routerboar:29:60:5A,,Aeropuerto,,
up,Daniel Ayala,143.202.78.140,Routerboar:C6:40:14,,Aeropuerto,,
up,Maribel Chavez,10.7.4.27,CC:2D:E0:0A:B5:6E,,Aeropuerto,,
up,BG Trucking Mexicali,10.7.4.16,Routerboar:F7:7B:7F,,Aeropuerto,,
up,Jesus Avila - YUNGO,10.7.4.19,38:6B:1C:20:F4:CF,,Aeropuerto,,
up,Oficina Otay,143.202.77.29,Routerboar:6B:C0:13,,Otay,,
up,Ravello Otay,143.202.77.2,,,Otay,,
up,ISESALUD - Santa Julia,143.202.77.6,Routerboar:32:05:7C,,Otay,,
down,Sandra Elizabeth,143.202.77.16,74:4D:28:51:FF:F4,,Otay,ping,
up,Tramitacion RY,143.202.77.22,,,Otay,,
up,Otay Vista Caseta Alarcom,143.202.77.26,C4:AD:34:EB:12:6E,,Otay,,
up,Eco E07153 - Los Pinos,143.202.77.10,,,Otay,,
up,G Global - Alfa,143.202.77.12,,,Otay,,
up,Same Otay,143.202.77.226,,,Otay,,
up,UAY San Diego,143.202.77.238,,,Otay,,
up,Mamamia Pizza - Otay,189.201.241.41,2C:C8:1B:5A:DD:7B,,Otay,,
up,Colegio Familia Altabrisa,189.201.241.58,,,Otay,,
up,Mamamia Pizza - Las Huertas,189.201.241.35,2C:C8:1B:5A:D8:78,,Otay,,
down,Cecyte - Las Aguilas,189.201.241.71,,,Otay,ping,
down,Sandra Elizabeth,189.201.241.78,,,Otay,ping,
up,DJA TRANS,189.201.241.66,74:4D:28:A1:D7:3F,,Otay,,
up,ICU 2,189.201.241.72,,,Otay,,
up,Abeja BonaPrime,201.174.63.73,18:C2:41:51:13:D1,,Alfareros,,
down,Defesoria Publica MXLI Fibra,201.174.63.90,48:A9:8A:18:D8:01,,Alfareros,ping,
up,Grupo Promesa,201.174.63.84,Routerboar:D2:66:44,,Alfareros,,
up,ISEP - Alvaro Obregon,189.201.243.101,HonHaiPrec:E4:CA:9C,,Alfareros,,
up,STPS Secretaria de Trabajo [ Obregon ],189.201.243.106,48:8F:5A:1B:B3:86,,Alfareros,,
down,CIDEA,189.201.243.109,XEROXCORPO:00:06:00,,Alfareros,ping,
up,Canal 66,189.201.243.116,CC:2D:E0:0A:C6:A0,,Alfareros,,
up,Entrematic,189.201.243.123,Routerboar:B9:A1:B7,,Alfareros,,
up,Colegio de Contadores,189.201.243.113,Routerboar:29:60:62,,Alfareros,,
up,DIF - Subprocuradoria,189.201.243.122,Routerboar:BA:F8:94,,Alfareros,,
up,ProfePART - Matriz,189.201.243.120,DC:2C:6E:DC:17:F2,,Alfareros,,
up,ProfePART - Sucursal,189.201.243.121,48:8F:5A:42:28:54,,Alfareros,,
up,Z GAS - Centro Civico,189.201.243.100,F8:0B:CB:03:D5:27,,Alfareros,,
up,Cecyte - Los Pinos,189.201.243.114,C4:AD:34:33:D8:E0,,Alfareros,,
up,Rancho el Golfo - Mexicali,189.201.243.125,08:55:31:C7:7A:98,,Alfareros,,
up,Fideicomiso [ FIARUM MXL ],189.201.243.107,74:4D:28:19:B7:6C,,Alfareros,,
up,Gobierno Mexicali,143.202.78.75,Routerboar:F7:87:92,,Alfareros,,
up,VPN - Gobierno,143.202.78.90,Routerboar:BB:65:92,,Alfareros,,
down,ICEM,143.202.78.71,XEROXCORPO:00:06:00,,Alfareros,ping,
up,Palacio Federal,143.202.78.82,CC:2D:E0:34:2A:36,,Alfareros,,
down,CCA - Robinson,143.202.78.74,XEROXCORPO:00:06:00,,Alfareros,ping,
up,NAPA,143.202.78.92,08:55:31:C7:80:A9,,Alfareros,,
up,Fiarum Mexicali,143.202.78.85,74:4D:28:19:B7:6C,,Alfareros,,
up,Asadero las Brasas - Anahuac,143.202.78.47,DC:2C:6E:FD:D9:8C,,Alfareros,,
down,Despacho Integral,143.202.78.37,XEROXCORPO:00:06:00,,Alfareros,ping,
up,Heidelberg,143.202.78.39,Routerboar:B2:A4:A8,,Alfareros,,
up,Proveedora del Estado,143.202.78.49,B8:69:F4:2B:0C:64,,Alfareros,,
up,CONAGUA - Calle L,143.202.78.54,Routerboar:78:FA:0E,,Alfareros,,
up,PEP [ FESC ],143.202.78.62,CC:2D:E0:A7:FC:2A,,Alfareros,,
up,CCA Grupo - Lopez Mateos CDF1,143.202.78.48,Routerboar:C7:65:0D,,Alfareros,,
up,Hotel Hacienda de Mexicali,143.202.78.34,DC:2C:6E:AD:1F:79,,Alfareros,,
up,Luis Felipe Gaspar,143.202.78.59,Routerboar:1A:E1:2C,,Alfareros,,
down,HLB Contadores,189.201.243.98,CheckPoint:92:0A:64,,Alfareros,ping,
up,GOBIERNO - Agencia Digital,143.202.78.11,48:A9:8A:D4:68:06,,Alfareros,,
up,ECO 1933 - Los Angeles,143.202.78.18,DC:2C:6E:DC:16:00,,Alfareros,,
up,BonaPrime - Justo Sierra,143.202.78.22,XEROXCORPO:00:06:00,,Alfareros,,
up,Exporus Coworking,143.202.78.3,CC:2D:E0:0A:BA:4C,,Alfareros,,
up,BOL-BOL [ Noche ],143.202.78.4,74:4D:28:C9:8F:6C,,Alfareros,,
up,FEX - GOB,143.202.78.8,DC:2C:6E:6A:AA:0E,,Alfareros,,
up,Secretaria del Trabajo y Prevencion Social,143.202.78.10,Routerboar:76:0B:F2,,Alfareros,,
up,Colegio Maral,143.202.78.30,08:55:31:72:9C:28,,Alfareros,,
up,SATA - Oficinas,143.202.78.28,62:C3:74:1B:81:03,,Alfareros,,
up,CCA Group Mediterraneo - Lopez Mateos,143.202.78.27,48:8F:5A:DB:C0:13,,Alfareros,,
up,SIMUTRA,143.202.78.2,Routerboar:A0:97:8E,,Alfareros,,
up,ECO - Granada,143.202.78.20,AC:71:2E:D5:94:30,,Alfareros,,
up,ECO 5908 - Anahuac 2,143.202.78.26,"Fortinet,I:55:9B:2B",,Alfareros,,
up,Casa Alberto Jordan,143.202.78.131,Routerboar:F2:E7:B2,,Aeropuerto,,
up,Eco Azcona 6223,189.201.240.181,AC:71:2E:EB:EB:3A,,Vallarta,,
up,Estacion Ravelo,189.201.240.186,"Fortinet,I:94:9F:80",,Vallarta,,
up,Gobierno - Agencia Dijital [ Tijuana ],143.202.77.215,B8:69:F4:6A:73:5E,,Vallarta,,
up,Casa Hugo - Fussion,143.202.77.219,CC:2D:E0:34:21:30,,Vallarta,,
up,Mexamerica - Tijuana,143.202.77.213,Routerboar:BE:DC:62,,Vallarta,,
down,Carolina Trucking,143.202.77.220,XEROXCORPO:00:06:00,,Vallarta,ping,
down,Mexamerica Linea - TJ,143.202.77.218,7C:C2:55:EA:2E:5C,,Vallarta,ping,
up,Mama Mia Pizza - Altamira,143.202.77.73,Routerboar:F7:51:E2,,Vallarta,,
up,Switch Vallarta,143.202.77.75,Routerboar:5C:ED:FB,,Vallarta,,
up,MamaMia Pizza - San Isidro,143.202.77.67,DC:2C:6E:DA:3A:93,,Vallarta,,
up,Funeraria Latinoamericana - N,143.202.77.69,Routerboar:F2:E7:B2,,Vallarta,,
up,Eco Calle 2da,143.202.77.72,48:8F:5A:AF:AB:D4,,Vallarta,,
up,Aries Real Inn,143.202.77.70,48:8F:5A:EE:5F:63,,Vallarta,,
up,Pantalla Omar,143.202.77.66,Routerboar:D2:6A:38,,Vallarta,,
up,Ingenieria y Mantenimiento,143.202.77.71,94:FF:3C:9B:8F:BF,,Vallarta,,
up,Eco Via Rapida - Oriente,143.202.77.68,48:8F:5A:D7:B4:62,,Vallarta,,
unknown,Golden West,143.202.78.133,BC:DB:09:C1:32:56,MikroTik,Aeropuerto,,
up,7R Playas Principal,143.202.79.49,Routerboar:EF:1F:B7,,Vallarta,,
up,AP Punta Banda - Valle Guadalupe,10.128.2.17,MimosaNetw:27:E4:73,,PuntaBanda,,
up,ST Valle Guadalupe - Punta Banda,10.128.2.18,MimosaNetw:27:E4:B5,,PuntaBanda,,
up,NETONIX Valle de Guadalupe,10.130.4.100,Netonix:85:C2:E0,,PuntaBanda,,
up,Punta Banda - Aura,10.128.2.9,MimosaNetw:FE:91:EC,,PuntaBanda,,
up,Aura - Puntabanda [ Mimosa ],10.128.2.10,MimosaNetw:FE:92:48,,PuntaBanda,,
up,Punta Banda,10.50.0.33,Routerboar:4E:A6:F1,,PuntaBanda,,
up,DIF_SanQuintinAlmacen,10.10.15.58,,,Gobierno,,
up,Robledo --> Convergia_G-GlobalCucapah - AP,10.1.2.185,MimosaNetw:24:91:57,,Convergia,,
up,Convergia+G-GlobalCucapah - STA,10.1.2.186,MimosaNetw:F0:98:06,,Convergia,,
up,Convergia+G-GlobalCucapah - RB,10.1.2.187,48:A9:8A:65:15:45,,Convergia,,
up,Convergia+G-GlobalCucapah - Fortinet,201.174.63.50,E8:ED:D6:F8:20:17,,Convergia,,
up,AP PTP Cua-AriesCorp,189.201.241.186,B8:69:F4:79:B9:6F,,Cuahutemoc,,
up,AG Energia - Fibra,189.201.241.184,18:C2:41:55:CE:B1,,Cuahutemoc,,
up,MamaMia Pizza - Libertad,189.201.241.183,DC:2C:6E:BE:A7:48,,Cuahutemoc,,
up,Hospital HMN,189.201.241.179,00:F7:EA:09:00:00,,Cuahutemoc,,
up,Hospital de Mascotas - SAJI_Gabilondo,189.201.241.181,48:A9:8A:18:D7:7F,,Cuahutemoc,,
up,Silver Towet [ MK-TJ ],189.201.241.180,Routerboar:D0:3F:98,,Cuahutemoc,,
up,7RT CUAUHTEMOC PRINCIPAL,189.201.241.177,08:55:31:EB:2D:CC,,Cuahutemoc,,
unknown,STN Corporativo Aries,10.118.4.81,B8:69:F4:79:AE:03,Mimosa C5c,Cuahutemoc,,
up,IAMSA - Vieverte 3,10.1.4.232,DC:2C:6E:6A:AA:3A,,Robledo,,
up,Grupo ECO - Ejido Puebla,10.1.4.78,08:55:31:C9:00:FC,,Robledo,,
up,Convergia G Global,10.1.4.66,48:A9:8A:65:1B:2B,,Robledo,,
up,Switch Cerro Bola,189.201.241.199,Routerboar:B3:33:4C,,Cerro Bola,,
down,cbtis 277,189.201.241.198,XEROXCORPO:00:06:00,,Cerro Bola,ping,
down,CECyTE - Nueva Hindu,189.201.241.202,CC:2D:E0:0E:FB:9E,,Cerro Bola,ping,
up,Limgo,189.201.241.206,Routerboar:B5:42:86,,Cerro Bola,,
up,NAPA Ensenada Cortez,189.201.240.238,DC:2C:6E:FD:D9:BA,,Cerro Viejo,,
up,Factory Alisos - Planta 1,189.201.240.232,B8:69:F4:6A:48:07,,Cerro Viejo,,
up,Factory 1 - Planta 7,189.201.240.226,74:4D:28:19:E0:84,,Cerro Viejo,,
up,Velocity - Ensenada,189.201.240.229,DC:2C:6E:DA:37:B5,,Cerro Viejo,,
up,EU - Hospitality,189.201.240.231,18:FD:74:00:D9:F7,,Cerro Viejo,,
up,Knight Industrial,189.201.240.235,74:4D:28:6A:D7:ED,,Cerro Viejo,,
up,Rembao - Ensenada,189.201.240.237,08:55:31:C9:3B:9D,,Cerro Viejo,,
down,CECyTE - Ensenada,189.201.240.236,XEROXCORPO:00:06:00,,Cerro Viejo,ping,
up,Factory - Planta 8,189.201.240.214,08:55:31:08:9D:F6,,Cerro Viejo,,
up,Secretaria de Seguridad Ciudadana,189.201.240.210,78:9A:18:5B:A9:B7,,Cerro Viejo,,
up,Knight Industrial [ Cortesia ],143.202.77.170,74:4D:28:CA:18:EF,,Cerro Viejo,,
up,Factory Cortesia [ CASA ],143.202.77.163,Routerboar:16:39:6D,,Cerro Viejo,,
up,ECO Maniadero - Pension Ensenada,143.202.77.172,Routerboar:52:69:E2,,Cerro Viejo,,
up,MamaMia Pizza - Taller,189.201.240.103,DC:2C:6E:DC:17:9E,,Cosmopolitan,,
up,MamaMia - Corporativo,189.201.241.187,78:9A:18:A6:82:7C,,Cosmopolitan,,
up,11 de Julio - Gobierno,189.201.240.104,Routerboar:F7:87:EE,,Cosmopolitan,,
up,Eazy Centro,143.202.79.69,78:9A:18:A6:84:8C,,Cuahutemoc,,
up,Inmobiliaria Roribe SA de CV,143.202.79.66,DC:2C:6E:DC:17:F8,,Cuahutemoc,,
up,ECO Corporativo,189.201.241.99,78:9A:18:EA:2B:86,,Fussion,,
up,Servicios UTC,189.201.241.114,48:8F:5A:97:86:96,,Fussion,,
down,TyP Refrigeracion,189.201.241.108,64:D1:54:F0:17:CE,,Fussion,ping,
up,Plaza Sibso / Secretaria del Trabajo,189.201.241.117,Routerboar:F2:5E:C6,,Fussion,,
up,CFE Perforacion,189.201.242.214,Routerboar:BE:DF:D2,,Hidalgo - CP Latina,,
up,Gusa KM 36 ( Trituradora ),189.201.242.217,74:4D:28:C9:8E:E4,,Hidalgo - CP Latina,,
up,La Moderna - Carranza,189.201.242.213,48:8F:5A:AF:7D:26,,Hidalgo - CP Latina,,
up,Aztec ( El Faro ),189.201.242.211,Routerboar:CC:A4:B2,,Hidalgo - CP Latina,,
up,Santuario Animal,189.201.242.210,70:4C:A5:B8:19:0B,,Hidalgo - CP Latina,,
unknown,GN Productores Nuevo Leon,189.201.242.227,E8:1C:BA:4B:CB:E0,Mimosa C5c,Hidalgo - CP Latina,,
unknown,JEAN CHARLES MEXICALI ( Calibaja ),189.201.242.231,2C:B8:ED:78:B1:FA,,Hidalgo - CP Latina,,
up,Rancho El Golfo - Empaque,10.12.4.11,Routerboar:1A:E1:08,,Hidalgo - CP Latina,,
up,7R Empleado - Daniel Ayala,10.12.4.6,Routerboar:AF:81:FE,,Hidalgo - CP Latina,,
up,"JeanCharles - Mexicali "" Calibaja """,10.12.4.1,C4:AD:34:E8:98:0C,,Hidalgo - CP Latina,,
up,Rancho El Golfo - Rafael ( Cortesia ),10.12.4.3,48:8F:5A:1B:8D:48,,Hidalgo - CP Latina,,
up,7R Hidalgo - SWITCH,10.12.4.100,Routerboar:6C:77:32,,Hidalgo - CP Latina,,
up,Hidalgo - WIFI,10.12.4.253,Routerboar:95:A2:67,,Hidalgo - CP Latina,,
up,Rancho El Golfo - Toluca,10.12.4.10,CC:2D:E0:0E:EF:1F,,Hidalgo - CP Latina,,
down,CECyTE - Rumorosa,143.202.78.183,DC:2C:6E:DB:FF:E6,,Rumorosa,ping,
up,CISAVPN - Sempra,143.202.78.180,CC:2D:E0:CD:26:0E,,Rumorosa,,
up,IG Networks,143.202.78.179,CC:2D:E0:0E:FC:DC,,Rumorosa,,
up,ECO - E02422 Rumorosa,143.202.78.178,,,Rumorosa,,
up,Proveedora del Estado TJ-2,189.201.240.254,B8:69:F4:66:C5:5E,,Fussion,,
up,ECO - Combustibles [ Cienega ],189.201.240.245,64:D1:54:27:22:54,,Fussion,,
up,INDE,189.201.240.243,04:D5:90:1B:74:A8,,Fussion,,
down,CECyTE - San Quintin,189.201.240.248,"Fortinet,I:6A:E7:04",,Fussion,ping,
up,CRI Tijuana,189.201.240.114,48:8F:5A:EE:60:F8,,Fussion,,
up,DIF Albergue - Tijuana,189.201.240.115,74:4D:28:C9:A7:6E,,Fussion,,
up,Gobierno - Defensoria Publica,189.201.240.124,DC:2C:6E:DC:16:06,,Fussion,,
up,MAYRE Aire Acondicionado - Mayporista,189.201.240.118,Routerboar:F3:15:0A,,Fussion,,
up,ECO Chamizal - Estacion 8955,143.202.77.188,AC:71:2E:EB:EE:B8,,Fussion,,
up,ECO - E05343 [ Insurgentes ],143.202.77.189,74:78:A6:DE:3D:A6,,Fussion,,
up,IRISCHEMICAL,143.202.77.118,08:55:31:BE:63:6E,,Fussion,,
up,MamaMia Pizza - Hipodromo,143.202.77.122,DC:2C:6E:DC:17:C8,,Fussion,,
up,ECO E04771 - Ermita,143.202.77.116,"Fortinet,I:5B:6C:3A",,Fussion,,
up,CECyTE Zona Rio,143.202.77.123,Routerboar:AC:76:15,,Fussion,,
unknown,Aries Plaza Rio - C5,189.201.240.194,7C:5A:1C:8F:9A:F7,,Vallarta,,
up,Servicios Constructora Kepler,189.201.240.218,08:55:31:7B:6D:48,,PuntaBanda,,
up,CECyTE - San Antonio,189.201.240.220,74:4D:28:AB:56:EC,,PuntaBanda,,
up,Hotel Las Rosas,143.202.77.179,08:55:31:08:AE:5E,,PuntaBanda,,
unknown,Makro Maneadero - Ensenada,143.202.77.182,48:8F:5A:AF:7C:9F,,PuntaBanda,,
up,Hospital de Mascotas - SAJI_Ensenada,143.202.77.108,18:FD:74:CB:37:B1,,PuntaBanda,,
up,AURA Condominios - Ensenada,143.202.77.106,78:9A:18:A6:83:FE,,PuntaBanda,,
up,Bonatti - Mexico,143.202.77.109,C4:AD:34:71:44:3B,,PuntaBanda,,
up,PuntaBanda - Red 7,143.202.77.105,Routerboar:4E:A6:F6,,PuntaBanda,,
up,Router Cortesia - El Roble,143.202.79.30,DC:2C:6E:DC:15:E8,,Roble,,
up,ICC Blue,201.174.63.251,48:8F:5A:EF:D5:D9,,Alamitos,,
up,Convergia GGlobal - Calexico,201.174.63.253,94:FF:3C:95:33:13,,Alamitos,,
up,Agencia Aduanal SAI 2,201.174.63.248,Routerboar:C0:4F:41,,Alamitos,,
up,Calibaja Manufacturing SA de CV - HSO,189.201.243.140,48:A9:8A:18:D7:5D,,Alamitos,,
up,El Rey - Monte Carlo [ E07939 ],189.201.243.141,74:4D:28:A6:96:D3,,Alamitos,,
up,BonaPrime - La Gran Via,189.201.243.131,18:C2:41:51:19:51,,Alamitos,,
up,TecZone,189.201.243.130,Routerboar:73:F6:22,,Alamitos,,
up,ECO - 1ro de Diciembre,189.201.243.135,,,Alamitos,,
up,CCA Group - Calexico,189.201.243.84,2C:C8:1B:E7:2C:04,,Alamitos,,
up,ASPE,189.201.243.82,,,Alamitos,,
up,CCA Group PIMSA II,189.201.243.85,DC:2C:6E:77:A3:04,,Alamitos,,
up,CCA Group - Calexico [ GARITA NUEVA ],189.201.243.89,Routerboar:6D:A0:BA,,Alamitos,,
up,Gobierno - Coplade,189.201.243.90,74:4D:28:C9:8F:4D,,Alamitos,,
up,Rancho El Golfo - Mexicali,189.201.243.88,08:55:31:C7:7A:9C,,Alamitos,,
up,Gladys Lizbeth Corbala Delgado [ CASA EMME ],189.201.243.94,,,Alamitos,,
up,YungoMX - Villa del Cedro - Router,189.201.242.2,78:9A:18:82:FB:80,,YungoMX,,
up,YungoMX - Lagos del Sol - Router,189.201.242.68,08:55:31:DF:E6:0D,,YungoMX,,
up,GECE,143.202.78.234,Routerboar:F3:08:DA,,Alamitos,,
up,GR Transport MXLI,143.202.78.236,Routerboar:E6:4B:F4,,Alamitos,,
up,Salon 6 O' Clock - YungoMX,143.202.78.233,Routerboar:DE:4F:50,,Alamitos,,
up,INEGI,143.202.78.240,48:8F:5A:DC:39:8D,,Alamitos,,
up,VIMETEL,143.202.78.242,48:8F:5A:DC:39:29,,Alamitos,,
up,Nissa Chirey - Mexicali,143.202.78.227,A8:46:9D:6F:98:B5,,Alamitos,,
up,Grupo Grumesa - Calafia 1,143.202.78.239,,,Alamitos,,
up,GECE II,143.202.78.243,48:8F:5A:CC:35:96,,Alamitos,,
up,Asadero Las Brasas - Mayacan Calle 9na [ Principal ],143.202.78.147,DC:2C:6E:FD:DA:76,,Alamitos,,
up,BonaPrime - Oficinas Agricola ( Cetys ),143.202.78.148,Routerboar:B9:9E:A5,,Alamitos,,
up,Rivera Rojas,143.202.78.156,Routerboar:B2:A4:8A,,Alamitos,,
up,Provinco,143.202.78.155,DC:2C:6E:7B:94:B8,,Alamitos,,
up,ECO - E12543 Linea,143.202.78.150,,,Alamitos,,
up,Despacho Norma Soo,189.201.242.172,DC:2C:6E:00:17:A8,,Queretaro,,
up,PAVSA - Productores Agricolas,189.201.242.182,48:8F:5A:EF:FD:CF,,Queretaro,,
up,Abel Empaqu Mxli Vegetales,189.201.242.164,Routerboar:03:B8:76,,Queretaro,,
up,Tepeyac - Bascula Bataquez,189.201.242.162,2C:C8:1B:56:90:11,,Queretaro,,
up,PAMSA - Centenario,189.201.242.169,64:D1:54:25:EA:09,,Queretaro,,
down,Fertilizantes Tepeac - Tabasco,189.201.242.173,Routerboar:4F:8C:0D,,Queretaro,ping,
up,Agrinor,189.201.242.184,08:55:31:7E:83:70,,Queretaro,,
up,Pamsa - Queretaro,189.201.242.171,Routerboar:B4:7E:F8,,Queretaro,,
up,Brigada,189.201.242.163,Routerboar:BB:65:90,,Queretaro,,
up,Cargas Jiquilpan,189.201.242.189,94:FF:3C:D0:0D:24,,Queretaro,,
up,UABC - Ciudad Morelos,189.201.242.204,Routerboar:91:24:2F,,Queretaro,,
up,ECO - E01871 Ejido Cuervos,189.201.242.201,38:C0:EA:6F:11:D9,,Queretaro,,
down,CECyTE Portales,201.174.63.171,64:D1:54:25:47:AC,,Castellon,ping,
up,ECO - Recoleccion,201.174.63.181,08:55:31:C9:25:61,,Castellon,,
down,Clinica dental Enmor,201.174.63.169,48:8F:5A:EE:70:0C,,Castellon,ping,
down,Centro de Control C4,201.174.63.164,B8:69:F4:6A:82:49,,Castellon,ping,
up,Velocity - Mexicali,201.174.63.170,48:A9:8A:92:F1:9B,,Castellon,,
down,CECyTE - Centenario,"201.174.63.175, 10.5.4.7","Fortinet,I:03:6F:F2",,Castellon,ping,
up,Federico Bermudez,189.201.243.239,Routerboar:9B:36:D6,,Silva,,
up,C.A. Munsa,189.201.243.230,DC:2C:6E:C1:D8:8E,,Silva,,
down,Fertilizantes Tepeyac - KM43,189.201.243.229,Routerboar:A0:97:9A,,Silva,ping,
up,Amerifresh,189.201.243.47,74:4D:28:A1:D0:71,,Silva,,
up,Agros - Horticultores,189.201.243.233,48:8F:5A:D7:B5:E1,,Silva,,
up,Desierto Empaque Bustamante,189.201.243.236,18:FD:74:9E:71:02,,Silva,,
up,Puchys,189.201.243.50,CC:2D:E0:0A:C6:A8,,Silva,,
up,Rancho El Golfo - Empaque,189.201.243.43,Routerboar:1A:E1:04,,Silva,,
up,GN Productores - KODAMA,189.201.243.46,Routerboar:DC:DA:FE,,Silva,,
up,GN Productores Toluca - Medidor CFE,189.201.243.34,SATEC:01:6E:A0,,Silva,,
up,Z Gas - Toluca,189.201.243.41,C2:48:00:01:80:51,,Silva,,
up,Hortalizas Figueroa,189.201.243.54,Routerboar:76:5A:3C,,Silva,,
down,CECyTE - Guadalupe km 43,189.201.243.38,64:D1:54:F0:21:AB,,Silva,ping,
down,CECyTE - Ovideo Mota,189.201.243.51,DC:2C:6E:DC:00:AC,,Silva,ping,
up,Modulo 9,189.201.243.58,Routerboar:A2:33:C4,,Silva,,
up,GN Productores - Maritimo 2,189.201.243.37,48:8F:5A:1B:C0:32,,Silva,,
up,Rancho El Golfo - Toluca,189.201.243.42,CC:2D:E0:0E:EF:1C,,Silva,,
up,Amerifresh [ 2 ],189.201.243.52,DC:2C:6E:9C:75:75,,Silva,,
up,OEMGA - Silva,189.201.243.56,Routerboar:9B:B0:8C,,Silva,,
up,Refraccionaria Vallarta,189.201.243.59,Routerboar:0A:BE:52,,Silva,,
up,Aereo Agricola del Valle,189.201.243.60,Routerboar:F7:5C:C4,,Silva,,
up,Ricardo - Casa,201.174.63.194,Routerboar:9D:A7:55,,EMMSA,,
up,BonaPirme - Carnes Selectas - Villa Nova,201.174.63.197,18:C2:41:51:19:01,,EMMSA,,
up,Z Gas - Wisteria,201.174.63.204,C2:48:00:01:80:02,,EMMSA,,
up,Jasco Sta. Barbara,201.174.63.200,DC:2C:6E:C1:C8:01,,EMMSA,,
up,ECO E12376 - Yugoslavia,201.174.63.196,"Fortinet,I:55:B4:14",,EMMSA,,
up,YUNGO - Emmsa,201.174.63.202,08:55:31:35:2C:82,,EMMSA,,
up,PlastiEnvases,189.201.242.243,64:D1:54:2A:DB:46,,EMMSA,,
up,Las Brasas - Mario,189.201.242.246,CC:2D:E0:0E:EF:3A,,EMMSA,,
up,Jasco VillaNova,189.201.242.245,Routerboar:C1:C6:B6,,EMMSA,,
up,Ham - Emmsa,189.201.242.242,Routerboar:B9:9F:0D,,EMMSA,,
down,GT Transpors Centro CA,189.201.242.253,DC:2C:6E:00:17:AA,,EMMSA,ping,
up,ECO E01804 - Planta Progreso 2,189.201.242.251,"Fortinet,I:5B:69:D1",,EMMSA,,
up,El Rey Gasolineras E11695 - Calle 11,143.202.78.214,CC:2D:E0:0E:F6:76,,EMMSA,,
up,Bachoco - San Enrique,143.202.78.210,CC:2D:E0:0A:C8:98,,EMMSA,,
up,Convanaro,143.202.78.215,74:4D:28:A1:CE:7F,,EMMSA,,
up,Gaspit Santa Isabel,143.202.78.213,Routerboar:A0:95:84,,EMMSA,,
up,Breton Industrial,143.202.78.217,08:55:31:C9:2C:AA,,EMMSA,,
up,Rembao - Virrelles,143.202.78.219,08:55:31:C9:0F:19,,EMMSA,,
down,CECyTE - Misiones,143.202.78.216,"Fortinet,I:CE:BC:02",,EMMSA,ping,
up,ECO - Santa Isabel E8548 / E12542,143.202.78.218,"Fortinet,I:65:44:50",,EMMSA,,
up,YungoMX - Maestros Democraticos - AP,10.3.2.137,24:5A:4C:F4:50:1C,,YungoMX,,
up,YungoMX - Maestros Democraticos - STA,10.3.2.138,24:5A:4C:F4:4F:E3,,YungoMX,,
up,YungoMX - Maestros Democraticos - Router,189.201.242.26,08:55:31:73:C6:4C,,YungoMX,,
down,YungoMX - Bosques del Sol - Router,143.202.78.249,C4:AD:34:33:D8:33,,YungoMX,ping,
up,YungoMX - Bosques del Sol - AP,10.2.2.97,MimosaNetw:1D:D0:69,,YungoMX,,
up,YungoMX - Bosques del Sol - STA,10.2.2.98,MimosaNetw:1D:62:5A,,YungoMX,,
up,YungoMX - Puerta de Alcala - Router,143.202.78.153,74:4D:28:A5:D0:69,,YungoMX,,
up,YungoMX - Puerta de Alcala - AP,10.2.2.89,XEROXCORPO:00:06:00,,YungoMX,,
up,YungoMX - Puerta de Alcala - STA,10.2.2.90,00:B5:20:08:98:F1,,YungoMX,,
up,Alestra - E11242 Cargas,201.174.63.145,CiscoSyste:BD:BD:7E,,Poder Uno,,
up,El Retiro Fermin,201.174.63.130,DC:2C:6E:DC:00:BE,,Poder Uno,,
down,CECyTE - Hermosillo,201.174.63.131,DC:2C:6E:DC:00:9A,,Poder Uno,ping,
up,ECO E1557 - San Luis,201.174.63.135,74:78:A6:DD:F2:F7,,Poder Uno,,
down,Clinica Dental - Dr. Valenzuela,189.201.243.210,48:A9:8A:65:1F:7F,,Poder Uno,ping,
up,CECyTE - Algodones,189.201.243.211,DC:2C:6E:C1:C7:A1,,Poder Uno,,
up,Ceres Horticola,189.201.242.131,DC:2C:6E:DC:16:1E,,Poder Uno,,
up,John Deere - San Luis R.C.,189.201.242.146,DC:2C:6E:7B:94:88,,Poder Uno,,
up,Alestra - Smart & Final,189.201.242.155,CiscoSyste:D8:13:74,,Poder Uno,,
up,HieloCachanilla - San Luis R.C.,189.201.242.147,CC:2D:E0:0A:B4:42,,Poder Uno,,
up,Exportadora Horticola Sakura,189.201.242.130,CC:2D:E0:0E:FA:54,,Poder Uno,,
up,Bustamante USA - PODER UNO,189.201.242.132,Routerboar:A3:06:9B,,Poder Uno,,
up,JASCO - San Luis,189.201.242.138,Routerboar:41:D0:51,,Poder Uno,,
down,Pemsa - San Luis,189.201.242.134,CC:2D:E0:34:26:64,,Poder Uno,ping,
up,Bisani Empaque,189.201.242.148,64:D1:54:F0:1F:0F,,Poder Uno,,
up,BonaPrime - Carnes Selectas Hindu,189.201.242.150,Routerboar:A0:FC:E4,,Poder Uno,,
up,Colorado River,189.201.242.153,64:D1:54:F0:22:1B,,Poder Uno,,
up,Poder Uno - Cliente,189.201.242.154,Routerboar:F8:EF:12,,Poder Uno,,
up,Combustibles del Valle,189.201.242.151,48:8F:5A:EE:70:A6,,Poder Uno,,
up,YungoMX - Villa del Cedro - AP,10.1.2.1,F4:92:BF:32:B6:1A,,YungoMX,,
up,YungoMX - Villa del Cedro - STA,10.1.2.2,F4:92:BF:32:B6:60,,YungoMX,,
up,Gobierno L2L MXLI-TJ,10.3.4.80,78:9A:18:DC:21:4F,,CLIENTES FIBRA,,
up,GOBIERNO L2L MXLI-ENSENADA,10.3.4.80,78:9A:18:DC:21:4F,,CLIENTES FIBRA,,
up,GOBIERNO L2L MXLI-ROSARITO,10.3.4.80,78:9A:18:DC:21:4F,,CLIENTES FIBRA,,
up,CRS2004 - GOB L2L TIJ-ENS-ROS,10.3.4.80,78:9A:18:DC:21:4F,,CLIENTES FIBRA,,
up,Brigada 118,143.202.78.164,Routerboar:76:0D:8A,,Polvora,,
up,Venadito Algodonera B.C.,143.202.78.162,48:8F:5A:EE:6E:CB,,Polvora,,
up,BonaPrime Carnes Selecas ( Rastro ),143.202.78.166,B8:69:F4:6A:63:B1,,Polvora,,
up,BonaPrime Rastro - Sagarpa,143.202.78.102,DC:2C:6E:DC:14:80,,Polvora,,
up,Fomento Afropecuario SADERBC,143.202.78.109,64:D1:54:F0:25:9F,,Polvora,,
up,Hielo Cachanilla - Polvora,143.202.78.100,Routerboar:F7:57:BA,,Polvora,,
up,BonaPrime Rastro - Carnes Selectas,143.202.78.103,18:C2:41:21:F9:3D,,Polvora,,
up,Autoservicios M5,143.202.78.101,64:D1:54:25:EA:5F,,Polvora,,
up,Rancho Pepe,143.202.78.105,48:8F:5A:EE:70:B7,,Polvora,,
up,Secretaria del Campo - Sinaloa,143.202.78.110,DC:2C:6E:C1:D8:CE,,Polvora,,
up,AgroIndustrias Aragon,143.202.78.108,CC:2D:E0:0E:F9:F4,,Polvora,,
unknown,Ganadera/Engorda - Gratiani,143.202.78.104,XEROXCORPO:00:06:00,Mimosa C5c,Polvora,,
up,GAZ Silza SA de CV + Ejido Puebla,10.1.4.16,DC:2C:6E:DC:14:74,,Robledo,,
up,Z Gas - Nuevo Mexicali,10.1.4.68,48:8F:5A:42:28:38,,Robledo,,
up,AUMSA - CRIBA,10.19.4.3,DC:2C:6E:C1:C7:CB,,Aumsa,,
up,AUMSA - Bascula 2,10.19.4.2,Routerboar:AC:70:99,,Aumsa,,
up,ECO - Oficina Obregon ( Pension ),10.60.4.25,CC:2D:E0:0A:F0:AE,,Obregon,,
up,7R Empleado - Casa Fernando,10.60.4.50,74:4D:28:37:4A:9A,,Obregon,,
down,Central de Hules,143.202.76.67,XEROXCORPO:00:06:00,,Obregon,ping,
up,Velocity Obregon,143.202.76.72,,,Obregon,,
up,IPR de Mexico,143.202.76.80,Routerboar:CF:4D:C4,,Obregon,,
up,ECO - E50009 Miramar,143.202.76.142,Routerboar:86:92:80,,Monte Lolita,,
up,San Carlos,143.202.76.130,CC:2D:E0:B7:96:15,,Monte Lolita,,
up,Eco Bautecas #8292,143.202.76.131,CC:2D:E0:B6:28:D9,,Monte Lolita,,
up,ECO -  E11657 Villas,143.202.76.140,C4:AD:34:EA:FF:A7,,Monte Lolita,,
up,ECO - E520 Vigia,143.202.76.137,CC:2D:E0:B7:96:80,,Monte Lolita,,
up,ECO - E6333,143.202.76.134,CC:2D:E0:0A:E6:0D,,Monte Lolita,,
up,MikroTik -WiFi Monte Lolita,143.202.76.141,CC:2D:E0:B6:28:7C,,Monte Lolita,,
up,ECO - Maderas Lozano,143.202.76.138,74:4D:28:6C:2D:E9,,Monte Lolita,,
up,ECO - E3750 Paradero,143.202.76.132,CC:2D:E0:B6:28:82,,Monte Lolita,,
up,ECO - E01635 Empalme,143.202.76.139,74:4D:28:C9:AB:25,,Monte Lolita,,
down,ECO - E10208 Hard Rock,143.202.76.135,CC:2D:E0:B6:27:E6,,Monte Lolita,ping,
up,ECO - E1632 Delicias,143.202.76.136,CC:2D:E0:B0:E9:9D,,Monte Lolita,,
down,CECyTE - Cachanilla,189.201.241.157,2C:C8:1B:56:83:69,,Pacifico,ping,
up,Rembao - Tijuana,189.201.241.153,DC:2C:6E:6A:A7:D0,,Pacifico,,
up,ECO - E07293 Cetys,189.201.241.135,AC:71:2E:EC:85:AE,,Pacifico,,
up,ECO - E07736 Myrek,189.201.241.141,70:4C:A5:E1:99:1E,,Pacifico,,
up,Enercard Oficinas - CD. Industrial ECO,189.201.241.149,94:F3:92:46:DC:D7,,Pacifico,,
down,Ixpalia Gato Bronco,189.201.241.150,28:70:4E:83:BB:5A,,Pacifico,ping,
up,G Global 3pl,189.201.241.154,XEROXCORPO:00:06:00,,Pacifico,,
up,Convergia + G-Global - Resiliencia,189.201.241.155,94:FF:3C:C8:33:A3,,Pacifico,,
up,MammaMia Pizza - Monarcas,189.201.240.171,2C:C8:1B:5A:DF:C5,,Pacifico,,
up,Interiores Aereos de Ensenada ( IAE ),189.201.240.172,74:4D:28:AB:3C:AD,,Pacifico,,
up,"Velocity - Tijuana ""Canorsa""",189.201.240.170,CC:2D:E0:0A:B3:F8,,Pacifico,,
up,BG Trucking Alamar,189.201.240.164,C4:AD:34:D9:D0:30,,Pacifico,,
up,Convergia - G Global Pacifico,189.201.240.173,E8:ED:D6:F7:FF:BD,,Pacifico,,
up,Michel Servicios,189.201.241.246,DC:2C:6E:00:16:EE,,Cerro Colorado,,
up,ECO - E07466 Venecia,189.201.241.227,48:8F:5A:F0:1D:7D,,Cerro Colorado,,
up,Z Gas - Estacion Tecate Cia de Gas,189.201.241.226,XEROXCORPO:00:06:00,,Cerro Colorado,,
down,Grupo Esperanza La Encantada,189.201.241.235,78:9A:18:3E:03:F6,,Cerro Colorado,ping,
up,Alestra - Smart & Final,189.201.241.239,DC:2C:6E:7B:95:9C,,Cerro Colorado,,
up,rRAM Technologies Tecate,189.201.241.252,3C:EC:EF:6F:F6:E6,,Cerro Colorado,,
up,Academia Militar,189.201.241.249,C4:AD:34:EB:01:93,,Cerro Colorado,,
up,ECO - E08241 Cerro las Abejas Fimbres,189.201.241.229,"Fortinet,I:43:A8:5F",,Cerro Colorado,,
up,ECO - E07576 Delegacion Rogue la Presa,189.201.241.233,70:4C:A5:E1:BD:D6,,Cerro Colorado,,
up,Convergia + PuntoExpress,189.201.241.236,E8:ED:D6:F8:31:3B,,Cerro Colorado,,
up,G Global - Terrazas del Valle,189.201.241.247,94:FF:3C:C8:B4:EB,,Cerro Colorado,,
down,Convergia + GGlobal 3PL Bodega Otay,189.201.241.248,E8:ED:D6:F8:08:FF,,Cerro Colorado,ping,
up,Secretara de Seguridad Ciudadana - FESC Tijuana,189.201.241.211,Routerboar:F7:89:BC,,Cerro Colorado,,
up,MammaMia Pizza - Villafontana ( Florido ),189.201.241.214,DC:2C:6E:DA:27:1B,,Cerro Colorado,,
down,CECyTE - Zona Costa,189.201.241.222,74:4D:28:AB:56:D4,,Cerro Colorado,ping,
down,CECyTE - Lazaro Cardenas,189.201.241.217,"78:9A:18:C4:41:EA, C4:AD:34:73:90:B0",,Cerro Colorado,ping,
down,CECyTE - Altiplano,189.201.241.215,E8:1C:BA:BC:99:40,,Cerro Colorado,ping,
down,CECyTE - Florido,189.201.241.213,"Fortinet,I:6A:E5:1A",,Cerro Colorado,ping,
down,CECyTE - El Pacifico,189.201.241.216,"Fortinet,I:4C:DA:9A",,Cerro Colorado,ping,
down,CECyTE - La Presa,189.201.241.218,FortinetIn:DD:C9:49,,Cerro Colorado,ping,
down,CECyTE - Urbi Villa,189.201.241.219,FortinetIn:DD:CF:41,,Cerro Colorado,ping,
down,CECyTE - Tecae,189.201.241.221,78:9A:18:C4:41:B4,,Cerro Colorado,ping,
up,ECO 2589 - Tecate Centro,189.201.241.163,AC:71:2E:EC:A9:2A,,Cerro Colorado,,
up,Garcom Comandancia Natura,189.201.241.25,48:8F:5A:DC:3E:EE,,Cerro Colorado,,
down,CECyTE - Urbi Villa,189.201.241.18,CC:2D:E0:34:29:8A,,Cerro Colorado,ping,
up,El Florido IPark - La Encantada,189.201.241.29,2C:C8:1B:5A:DD:CF,,Cerro Colorado,,
up,Ixpalia - Pacifico [ Oficinas ],189.201.241.21,48:8F:5A:EE:67:BA,,Cerro Colorado,,
up,Seprocel #2 - TKT3,189.201.241.28,B8:69:F4:66:BB:0A,,Cerro Colorado,,
up,Felicidad y Artesanias,189.201.240.147,CC:2D:E0:34:21:5A,,Cerro Colorado,,
up,ECO - E06457 Villa del Real,189.201.240.152,AC:71:2E:EB:DE:CE,,Cerro Colorado,,
up,MammaMiaPizza - Villafontana,189.201.240.15,DC:2C:6E:DA:3A:87,,Cerro Colorado,,
down,IMOS_Metropolitano_3011,189.201.240.20,CC:2D:E0:A7:FC:29,,Cerro Colorado,ping,
up,NextPhase Medical - CPI,189.201.240.9,2C:C8:1B:10:1A:EB,,Cerro Colorado,,
up,Subprocuradoria - Tecate,189.201.240.6,C4:AD:34:7C:A3:7C,,Cerro Colorado,,
up,ECO 10937 Simon Bolivar ( Secundario ),189.201.240.8,AC:71:2E:EC:BB:3A,,Cerro Colorado,,
up,ECO - Benitez E06902,189.201.240.22,94:F3:92:46:E8:F2,,Cerro Colorado,,
up,ECO - E10516 Villa del Campo,189.201.240.23,AC:71:2E:EC:A0:9C,,Cerro Colorado,,
up,ECO - E08384 CD. Industrial,189.201.240.29,74:78:A6:DD:CD:94,,Cerro Colorado,,
up,ECO - E07571 Bellas Artes,189.201.240.28,AC:71:2E:EC:B1:1C,,Cerro Colorado,,
up,ECO - E08778 Matamoros,189.201.240.5,48:8F:5A:D7:99:3C,,Cerro Colorado,,
down,LinkTech + Fiscalia Tecate,143.202.77.86,2C:C8:1B:5A:DE:F5,,Cerro Colorado,ping,
up,IAMSA Tecae - Bajio Viñedo,143.202.77.88,Routerboar:F2:FA:84,,Cerro Colorado,,
up,ASPE Tecate,143.202.77.93,CC:2D:E0:CD:26:0C,,Cerro Colorado,,
up,INDIE Tecate,143.202.77.87,CC:2D:E0:0A:AA:AA,,Cerro Colorado,,
down,CECyTE - El Niño,143.202.77.83,"Fortinet,I:5B:DB:19",,Cerro Colorado,ping,
up,Gobierno Fiscalia Tecate,143.202.77.82,D4:76:A0:55:95:38,,Cerro Colorado,,
up,ECO Tanama ( Arco ),143.202.77.91,48:8F:5A:D7:9C:95,,Cerro Colorado,,
up,ECO Yonke ( Universidad ),143.202.77.90,,,Cerro Colorado,,
up,G-Global Tecatito,143.202.77.89,94:FF:3C:96:8D:49,,Cerro Colorado,,
up,MammaMia Pizza - Tecate,143.202.77.42,DC:2C:6E:DA:33:1B,,Cerro Colorado,,
up,IAMSA - Valle Bonito,143.202.77.50,Routerboar:47:2C:94,,Cerro Colorado,,
up,Lumenet Fisher,143.202.77.48,DC:2C:6E:61:B3:B2,,Cerro Colorado,,
up,NexyPhase Medical - CPI,143.202.77.54,1A:C2:41:25:D9:D3,,Cerro Colorado,,
up,Defensoria - Tecate,143.202.77.62,18:FD:74:9E:62:8E,,Cerro Colorado,,
down,Woori Printing,143.202.77.34,CC:2D:E0:34:21:CC,,Cerro Colorado,ping,
up,Sophos,143.202.77.38,C4:AD:34:E2:C0:C0,,Cerro Colorado,,
up,IAMSA Bajio - Caseta,143.202.77.39,C4:AD:34:7C:A2:4D,,Cerro Colorado,,
down,CECyTE - Villa del Sol,143.202.77.52,"Fortinet,I:6A:E3:26",,Cerro Colorado,ping,
up,ECO - Encinos,143.202.77.53,AC:71:2E:EC:AE:16,,Cerro Colorado,,
up,Farmacias Roma - Encinos Tecate,143.202.77.59,CC:9C:3E:43:59:66,,Cerro Colorado,,
up,Agrovizion - Oficina Durango,10.254.1.35,UbiquitiNe:36:17:3C,,Agrovizion,,
up,Oficina Durango - Agrovizion,10.254.1.36,UbiquitiNe:36:1D:6B,,Agrovizion,,
up,Chihuahua - Oficina,10.254.1.57,UbiquitiNe:BC:F0:54,,Agrovizion,,
down,Oficina - Chihuahua,10.254.1.58,XEROXCORPO:00:06:00,,Agrovizion,ping,
up,Robledo - Agrovizion Matriz,10.254.1.1,UbiquitiNe:A4:32:8B,,Agrovizion,,
up,Agrovizion Matriz - Robledo,10.254.1.2,UbiquitiNe:A4:D7:BE,,Agrovizion,,
up,Convergia - GGlobal Bodega [ El paso TEXAS ] + 100Mbps,10.10.15.128,,,Convergia,,
up,Velocity Nogales,45.185.241.178,DC:2C:6E:6A:A9:86,,CLIENTES CON EXTERNOS,,
unknown,ECO - E050012 Venado,189.201.241.228,CC:2D:E0:EB:F3:56,,Cerro Colorado,,
down,ECO - 13305 Pavigas,189.201.240.155,"Fortinet,I:55:B9:9C",Mimosa C5c,Cerro Colorado,ping,
down,Suministros MRO,189.201.242.53,XEROXCORPO:00:06:00,,Robledo,ping,
up,CONSCA S de RL de CV,189.201.242.109,DC:2C:6E:7B:94:BE,,Robledo,,
up,BG Trucking - Mexicali,143.202.78.113,,,CLIENTES FIBRA,,
up,Gobierno - Archivo de Finanzas,172.31.73.237,,,Gobierno,,
up,Archivo de Finanzas - Gobierno,172.31.73.238,,,Gobierno,,
up,Aeropuerto - WiFi,10.7.4.250,64:D1:54:F0:20:EB,,Aeropuerto,,
unknown,Asadero las Brasas - Aviacion,189.201.243.93,Routerboar:F4:A8:80,Mimosa C5c,Alamitos,,
up,Global Mechanical,189.201.243.139,,,Alamitos,,
down,Tutelar de Menores,10.8.4.26,ZAONVPBoli:08:72:6F,,EMMSA,ping,
up,Convergia - G GLobal Pacifico DAVID+ 100 Mbps,10.103.4.11,78:9A:18:5B:DF:DF,,Convergia,,
up,Convergia - G GLobal Pacifico DAVID+ 100 Mbps (FIREWALL CLIENTE),189.201.240.173,E8:ED:D6:F7:FF:BD,,Convergia,,
up,YMXL - Puerta de Alcala,143.202.78.153,74:4D:28:A5:D0:69,,Alamitos,,
up,Equipo y Herramientas ( EHSI ),143.202.78.42,"Meraki,Inc:3F:5D:DD",,Alfareros,,
down,CECyTE - BellaVista,143.202.78.17,XEROXCORPO:00:06:00,,Alfareros,ping,
down,ECO - El Dorado,143.202.78.29,AC:71:2E:D5:AE:F2,,Alfareros,ping,
up,LINKTECH + Fiscalia,189.201.243.99,48:A9:8A:16:E6:DA,,Alfareros,,
up,Hotel Lucerna,189.201.243.118,C4:AD:34:12:7F:C2,,Alfareros,,
up,Router - Convencion - San Rafael,10.10.15.132,,,Total Gas,,
up,Router - Puertecito,10.10.15.134,,,Total Gas,,
up,BR-Carrier,189.201.243.198,18:FD:74:9E:62:70,,Aeropuerto,,
down,ECO San Felipe - Los Arcos,10.10.11.2,XEROXCORPO:00:06:00,,CLIENTES CON EXTERNOS,ping,
down,Router - Jesus Maria,10.10.15.136,,,Total Gas,ping,
up,Hotel Boutique,10.130.4.1,78:9A:18:A6:85:5E,,Valle de Guadalupe,,
down,YungoMX - Condesa - Router,10.2.31.40,XEROXCORPO:00:06:00,,YungoMX,ping,
down,YungoMX - Condesa - AP,10.18.2.25,XEROXCORPO:00:06:00,,YungoMX,ping,
down,YungoMX - Condesa - STA,10.18.2.26,XEROXCORPO:00:06:00,,YungoMX,ping,
up,YungoMX - Lagos del Sol - AP,10.1.2.121,MimosaNetw:F5:42:49,,YungoMX,,
up,YungoMX - Lagos del Sol - STA,10.1.2.122,MimosaNetw:F5:42:48,,YungoMX,,
up,YungoMX - Emmsa - Router,201.174.63.202,08:55:31:35:2C:82,,YungoMX,,
up,Aura,187.249.0.190,Routerboar:31:FF:5D,,YungoMX,,
up,Grupo Aries,189.201.240.138,08:55:31:73:BD:D6,,YungoMX,,
up,Velocity San Quintin,10.10.15.138,,,Velocity,,
up,Switch Chihuahua,10.254.1.38,48:A9:8A:65:1E:EA,,Agrovizion,,
up,Colorado - Tecate1,10.106.2.17,,,Cerro Colorado,,
up,Tecate1 - Colorado,10.106.2.18,,,Cerro Colorado,,
up,Firewall Convergia Terrazas del Valle,189.201.241.247,94:FF:3C:C8:B4:EB,,Convergia,,
up,ECO - Batuecas E8292,10.10.15.144,,,STARLINK,,
up,ECO - E10208 Hard Rock,10.10.15.142,,,STARLINK,,
up,BonaPrime - Ganadera Mexicali Suc Pacifico,10.1.4.17,48:A9:8A:65:22:1B,,Robledo,,
up,AP Convergia - Pro Logics,10.133.2.81,20:B5:C7:02:D3:75,,Roble,,
up,STA Pro Logics - Convergia,10.133.2.82,MimosaNetw:FD:5B:D0,,Roble,,
up,Convergia - Pro Logics AP,10.133.2.73,MimosaNetw:F0:80:82,,Roble,,
up,Pro Logics - Convergia STA,10.133.2.74,MimosaNetw:F0:8D:E6,,Roble,,
up,ECO - El Dorado_SanFelipe,10.10.15.122,,,STARLINK,,
up,SwitchFibra - FLO,10.10.15.154,,,Total Gas,,
up,Corporativo Nueva IP,201.174.170.238,Routerboar:E8:63:26,MikroTik,Total Gas,,
up,Grupo aries - Casa Muestra,10.108.4.2,CC:2D:E0:0A:CA:95,,Rosarito,,
up,Robledo-Agrobaja,10.1.2.177,,,Robledo,,
up,BPO REDIAL CALLCENTER,"10.118.4.6, 10.123.2.43",78:9A:18:A6:84:60,,CLIENTES FIBRA,,
up,GT-Transport / StartLink,10.10.15.156,,,STARLINK,,
down,IIMM Firewall Unifi,143.202.79.67,,,Cuahutemoc,ping,
up,IIMM,10.118.2.11,,,Cuahutemoc,,
up,Casa David,10.10.15.158,,MikroTik,Total Gas,,
up,CCA Group - PIMSA II,201.174.63.59,DC:2C:6E:77:A3:08,,CCA - Group { CANO CONSULTORES },,
up,CCA Group - Lopez Mateos CDF1,143.202.78.48,Routerboar:C7:65:0D,,CCA - Group { CANO CONSULTORES },,
up,CCA Group - Pimsa IV,143.202.78.151,74:4D:28:C9:8F:44,,CCA - Group { CANO CONSULTORES },,
up,CCA Group - Robledo,189.201.242.101,2C:C8:1B:E5:8C:24,,CCA - Group { CANO CONSULTORES },,
up,CCA Group - Calexico (5B),189.201.243.84,2C:C8:1B:E7:2C:04,,CCA - Group { CANO CONSULTORES },,
up,CCA Group - Lopez Mateos CDF2,143.202.78.27,48:8F:5A:DB:C0:13,,CCA - Group { CANO CONSULTORES },,
up,CCA Group - Calexico (Garita Nueva),189.201.243.89,Routerboar:6D:A0:BA,,CCA - Group { CANO CONSULTORES },,
down,CCA Group - Robinson,143.202.78.74,XEROXCORPO:00:06:00,,CCA - Group { CANO CONSULTORES },ping,
up,Redial BPO Redundancia Microonda,10.123.2.43,,,Cosmopolitan,,
up,STA: Delegacion Centro,10.109.3.17,28:70:4E:AA:FB:6F,,DELEGACIONES,,
up,Router: Delegacion Centro,10.109.4.17,D4:01:C3:85:D1:34,,DELEGACIONES,,
up,STA: Delegacion Cerro Colorado,10.102.3.11,,,DELEGACIONES,,
up,Router: Delegacion Cerro Colorado,10.102.4.11,D4:01:C3:85:CD:FF,,DELEGACIONES,,
up,STA: Delegacion La Meza,10.102.3.24,,,DELEGACIONES,,
up,Router: Delegacion la Meza,10.102.4.24,D4:01:C3:85:CE:6C,,DELEGACIONES,,
up,STA: Delegacion La Presa ALR,10.106.3.17,,,DELEGACIONES,,
up,Router: Delegacion la Presa ALR,10.106.4.17,D4:01:C3:85:D1:8C,,DELEGACIONES,,
up,STA: Delegacion Otay Centro,10.101.3.8,,,DELEGACIONES,,
up,Router: Delegacion Otay Centro,10.101.4.8,D4:01:C3:21:D2:E3,,DELEGACIONES,,
up,STA: Delegacion Playas de Tijuana,10.119.3.2,,,DELEGACIONES,,
up,STA: Delegacion Presa Este,10.106.3.11,,,DELEGACIONES,,
up,Router: Delegacion Presa Este,10.106.4.18,D4:01:C3:85:C6:46,,DELEGACIONES,,
up,STA: Delegacion San Antonio de los Buenos,10.113.9.15,,,DELEGACIONES,,
up,Router: Delegacion San Antonio de los Buenos,10.113.10.15,D4:01:C3:85:CC:B8,,DELEGACIONES,,
up,STA: Delegacion Sanchez Taboada,10.107.3.6,,,DELEGACIONES,,
up,Router: Sanchez Taboada,189.201.240.46,D4:01:C3:85:CD:8B,,DELEGACIONES,,
up,STA: SubDelegacion Sanchez Taboada,10.103.3.21,,,DELEGACIONES,,
up,Router: SubDelegacion Sanchez Taboada,10.103.4.21,48:8F:5A:DC:51:29,,DELEGACIONES,,
up,STA: Ayuntamiento de Tijuana - Natura,10.106.3.44,,,DELEGACIONES,,
up,Router: Ayuntamiento de Tijuana - Natura,10.106.4.44,,,DELEGACIONES,,
up,Router: DelegacionPlayas de Tijana,10.119.4.3,,,DELEGACIONES,,
up,REDIAL BPO REDUNDANCIA,10.123.2.43,,,CLIENTES FIBRA,,
up,MAMMA MIA COPORATIVO,10.118.4.60,78:9A:18:A6:82:7C,,CLIENTES FIBRA,,
up,AP - CadenaSpectro,10.106.2.41,,,Cerro Colorado,,
up,STA - SopectroCadena,10.106.2.42,,,Cerro Colorado,,
up,Yinyer,201.174.133.218,08:55:31:EB:33:4E,,Cuahutemoc,,
up,Jasco - Aru Cosmetics,201.174.63.7,2C:C8:1B:FC:A5:D8,,Robledo,,
up,SATA OFICINAS,143.202.78.28,62:C3:74:1B:81:03,,CLIENTES FIBRA,,
up,"I CENTRAL , BACK UP",10.10.15.94,,,Convergia,,
up,STA: SubDelegacion Los Pinos,10.102.3.13,,,DELEGACIONES,,
up,Router: SubDelegacion Los Pinos,10.102.4.13,,,DELEGACIONES,,
up,STA: SubDelegacionCamino Verde,10.101.3.9,,,DELEGACIONES,,
up,Router: SubDelegacion Camino verde,10.101.4.9,,,DELEGACIONES,,
up,STA: SubDelegacion Florido Mariano,10.115.3.7,,,DELEGACIONES,,
up,Router: SubDelegacion Florido Mariano,10.115.4.7,48:8F:5A:EE:61:24,,DELEGACIONES,,
up,STA: SubDelegacion Insurgentes,10.102.3.14,,,DELEGACIONES,,
up,Router: SubDelegacion Insurgentes,10.102.4.14,,,DELEGACIONES,,
up,STA: SubDelegacion Francisco Villa,10.113.9.6,,,DELEGACIONES,,
up,Router: SubDelegacion Francisco Villa,10.113.10.6,,,DELEGACIONES,,
up,Agencia Aduanal SAI - Calexico,201.174.63.244,64:D1:54:F0:15:EB,,Alamitos,,
up,STA - Gobierno del Estado de Baja California - ENSENADA,10.129.3.13,,,DELEGACIONES,,
up,Router - Gobierno del Estado de Baja California - ENSENADA,10.129.4.13,,,DELEGACIONES,,
up,Monitoreo de Luz - Cerro Viejo,10.129.3.253,Routerboar:02:B0:07,Monitoreo de Luz,MONITOREOS DE LUZ,,
up,Eco Los Arcos - E04521,10.10.15.162,,,STARLINK,,
